Title,Author,Date and Time,Upvotes,Comments,Url
Discord + Common Reposts,DarkPlaceSaga,Thu Dec 5 03:26:40 2019 UTC,3355,157,www.reddit.com/r/cursedcomments/comments/e6b657/discord_common_reposts/
cursed_pain,XD-3CH0,Sun Jul 18 12:45:53 2021 UTC,6434,32,www.reddit.com/r/cursedcomments/comments/ompuwh/cursed_pain/
Cursed_birthday,Shoe_Bum_,Sun Jul 18 11:41:35 2021 UTC,9377,70,www.reddit.com/r/cursedcomments/comments/omoyum/cursed_birthday/
Cursed_watch,Zealousideal-Ad-4640,Sun Jul 18 11:46:44 2021 UTC,7813,100,www.reddit.com/r/cursedcomments/comments/omp1f7/cursed_watch/
Cursed_gas pump,Seal_The_Deal_,Sun Jul 18 13:16:07 2021 UTC,3627,45,www.reddit.com/r/cursedcomments/comments/omqbsu/cursed_gas_pump/
Cursed_condom,Adept-Cobbler157,Sun Jul 18 13:57:50 2021 UTC,2415,15,www.reddit.com/r/cursedcomments/comments/omqzw8/cursed_condom/
cursed_move,Arnav150307,Sun Jul 18 11:44:58 2021 UTC,3061,25,www.reddit.com/r/cursedcomments/comments/omp0ii/cursed_move/
Cursed_weapon,nummer_9,Sun Jul 18 09:28:26 2021 UTC,7424,115,www.reddit.com/r/cursedcomments/comments/omncbs/cursed_weapon/
Cursed game,_19arthurfleck,Sun Jul 18 08:48:02 2021 UTC,8580,115,www.reddit.com/r/cursedcomments/comments/ommv3a/cursed_game/
Cursed_Downvote,Wiups_10,Sun Jul 18 08:16:23 2021 UTC,9559,49,www.reddit.com/r/cursedcomments/comments/ommhun/cursed_downvote/
Cursed_lips,TheHakky,Sun Jul 18 09:09:31 2021 UTC,3565,28,www.reddit.com/r/cursedcomments/comments/omn4b4/cursed_lips/
Cursed dog,Fun_Specialist9074,Sun Jul 18 04:49:18 2021 UTC,25.6k,408,www.reddit.com/r/cursedcomments/comments/omjw5z/cursed_dog/
Cursed_asshole,imdenis50,Sun Jul 18 08:21:01 2021 UTC,2861,20,www.reddit.com/r/cursedcomments/comments/ommjs1/cursed_asshole/
Cursed sniper.,iamnotmyselfiamyou,Sun Jul 18 15:07:37 2021 UTC,499,6,www.reddit.com/r/cursedcomments/comments/oms9du/cursed_sniper/
Cursed_Horse,_-Frost-Byte-_,Sun Jul 18 14:33:23 2021 UTC,470,7,www.reddit.com/r/cursedcomments/comments/omrm5a/cursed_horse/
cursed_method,NoProfession5028,Sun Jul 18 05:14:00 2021 UTC,3622,31,www.reddit.com/r/cursedcomments/comments/omk7zm/cursed_method/
Cursed Condom,ivana-sarevska,Sun Jul 18 16:44:05 2021 UTC,229,7,www.reddit.com/r/cursedcomments/comments/omu6vu/cursed_condom/
Cursed_supermarket,AdministrationSea902,Sun Jul 18 15:26:47 2021 UTC,292,12,www.reddit.com/r/cursedcomments/comments/omsmua/cursed_supermarket/
Cursed_thumbs,PassingJudgement68,Sun Jul 18 01:58:44 2021 UTC,6141,58,www.reddit.com/r/cursedcomments/comments/omhewk/cursed_thumbs/
Cursed privacy,marty_mcfly__88,Sun Jul 18 10:40:26 2021 UTC,606,15,www.reddit.com/r/cursedcomments/comments/omo6yc/cursed_privacy/
Cursed Mickey Mouse torture house,novaxkid2,Sun Jul 18 15:11:01 2021 UTC,268,11,www.reddit.com/r/cursedcomments/comments/omsbs2/cursed_mickey_mouse_torture_house/
Cursed_Kneecaps,Closethefrigde801,Sun Jul 18 11:51:58 2021 UTC,446,8,www.reddit.com/r/cursedcomments/comments/omp3yv/cursed_kneecaps/
Cursed_bones,IvanJC98,Sun Jul 18 15:22:21 2021 UTC,212,6,www.reddit.com/r/cursedcomments/comments/omsjtk/cursed_bones/
Cursed_Seed,ZeeLow9,Sun Jul 18 10:18:12 2021 UTC,523,7,www.reddit.com/r/cursedcomments/comments/omnx9v/cursed_seed/
Cursed Poetry,Blazry,Sun Jul 18 14:50:32 2021 UTC,218,3,www.reddit.com/r/cursedcomments/comments/omrxpa/cursed_poetry/
Cursed middle east Missile launcher,novaxkid2,Sun Jul 18 15:11:39 2021 UTC,196,3,www.reddit.com/r/cursedcomments/comments/omsc8o/cursed_middle_east_missile_launcher/
Cursed_robodogs,AMarvelFan717,Sun Jul 18 08:41:46 2021 UTC,533,16,www.reddit.com/r/cursedcomments/comments/ommsew/cursed_robodogs/
Cursed_touch,slam_jam_11,Sun Jul 18 15:06:54 2021 UTC,167,6,www.reddit.com/r/cursedcomments/comments/oms8w7/cursed_touch/
Cursed ambulance driver,Bananatree523,Sun Jul 18 00:44:41 2021 UTC,2543,12,www.reddit.comhttps://i.redd.it/wjuacik4jrb71.jpg
Cursed Bluetooth,Obi-WanKenobi69420,Sun Jul 18 16:21:37 2021 UTC,113,7,www.reddit.com/r/cursedcomments/comments/omtqm9/cursed_bluetooth/
Cursed_speechless,Boppo8YT,Sun Jul 18 15:40:17 2021 UTC,123,2,www.reddit.com/r/cursedcomments/comments/omswm6/cursed_speechless/
Cursed Husband,coastychillin83,Sun Jul 18 04:25:38 2021 UTC,942,24,www.reddit.com/r/cursedcomments/comments/omjkct/cursed_husband/
Cursed_Assassin,SchallmauerGmbH,Sun Jul 18 12:05:15 2021 UTC,209,10,www.reddit.com/r/cursedcomments/comments/ompady/cursed_assassin/
Cursed hands,V711,Sat Jul 17 21:39:19 2021 UTC,4975,37,www.reddit.com/r/cursedcomments/comments/omdd5y/cursed_hands/
Cursed_subway surfers,Kizmojoe,Sun Jul 18 16:24:01 2021 UTC,93,5,www.reddit.com/r/cursedcomments/comments/omtsaw/cursed_subway_surfers/
Cursed_pregnancy,popsugar101,Sun Jul 18 15:39:28 2021 UTC,104,5,www.reddit.com/r/cursedcomments/comments/omsvzm/cursed_pregnancy/
Cursed_Smile,Ivo_of_Belhaven1263,Sun Jul 18 07:01:11 2021 UTC,485,8,www.reddit.com/r/cursedcomments/comments/omlkv9/cursed_smile/
Cursed Eye color.,ninchaop123,Sun Jul 18 16:37:33 2021 UTC,82,5,www.reddit.com/r/cursedcomments/comments/omu21v/cursed_eye_color/
Cursed_choice,lucifer9199,Sun Jul 18 18:17:56 2021 UTC,None,1,www.reddit.com/r/cursedcomments/comments/omw32j/cursed_choice/
Cursed Monopoly,hawkstreamyt123,Sun Jul 18 06:33:35 2021 UTC,460,14,www.reddit.com/r/cursedcomments/comments/oml8rc/cursed_monopoly/
Cursed_Condom,mapa1999,Sun Jul 18 15:29:57 2021 UTC,94,5,www.reddit.comhttps://i.imgur.com/506OzgM.jpg
cursed_parents_who_care,fAceHigh,Sun Jul 18 15:52:48 2021 UTC,81,1,www.reddit.com/r/cursedcomments/comments/omt5hn/cursed_parents_who_care/
Cursed_villager,CamaradePain,Sun Jul 18 16:04:16 2021 UTC,81,8,www.reddit.com/r/cursedcomments/comments/omtdp9/cursed_villager/
Cursed hand,RadioactiveSp1der,Sun Jul 18 11:12:50 2021 UTC,187,11,www.reddit.com/r/cursedcomments/comments/omolks/cursed_hand/
Cursed_morning,FollowingTheHorizon,Sun Jul 18 14:46:26 2021 UTC,100,4,www.reddit.com/r/cursedcomments/comments/omruxr/cursed_morning/
Cursed heretic,Respect-kill,Sun Jul 18 02:50:09 2021 UTC,832,13,www.reddit.com/r/cursedcomments/comments/omi6ks/cursed_heretic/
Cursed_Happiness,Mishii211_,Sun Jul 18 16:58:20 2021 UTC,58,1,www.reddit.com/r/cursedcomments/comments/omuh9n/cursed_happiness/
Cursed_cockroach,Mati_xd1903alt,Sun Jul 18 15:10:09 2021 UTC,80,6,www.reddit.com/r/cursedcomments/comments/omsb6p/cursed_cockroach/
Cursed Motivation,tanzzzzzzzzzzz,Sun Jul 18 08:25:19 2021 UTC,254,4,www.reddit.com/r/cursedcomments/comments/ommlh4/cursed_motivation/
Cursed_Tech....RIP,SuBhASTARD,Sun Jul 18 06:15:48 2021 UTC,377,14,www.reddit.com/r/cursedcomments/comments/oml0yo/cursed_techrip/
Cursed_condom,racerob1,Sun Jul 18 16:55:15 2021 UTC,52,1,www.reddit.com/r/cursedcomments/comments/omuf3s/cursed_condom/
Cursed_vr,Hahhpoo,Sun Jul 18 14:54:04 2021 UTC,78,4,www.reddit.com/r/cursedcomments/comments/omrzy4/cursed_vr/
Cursed_drink,AggressiveElephant69,Sun Jul 18 18:15:57 2021 UTC,None,2,www.reddit.com/r/cursedcomments/comments/omw1os/cursed_drink/
Cursed cum,Adeptness-Dense,Sun Jul 18 18:12:13 2021 UTC,None,2,www.reddit.com/r/cursedcomments/comments/omvyzy/cursed_cum/
Cursed human condom,Best_Refrigerator801,Sun Jul 18 15:19:04 2021 UTC,69,4,www.reddit.com/r/cursedcomments/comments/omshk3/cursed_human_condom/
Cursed Moment,Nut_shrek_man,Sun Jul 18 15:58:44 2021 UTC,59,7,www.reddit.com/r/cursedcomments/comments/omt9ja/cursed_moment/
cursed_towers,waffle51_,Sun Jul 18 17:04:15 2021 UTC,None,7,www.reddit.com/r/cursedcomments/comments/omuls1/cursed_towers/
Cursed_Love,Anti_Hero_Max,Sun Jul 18 08:03:18 2021 UTC,229,8,www.reddit.com/r/cursedcomments/comments/ommc3l/cursed_love/
Cursed_pregnancy,EnvironmentalRow9914,Sun Jul 18 16:51:18 2021 UTC,49,1,www.reddit.com/r/cursedcomments/comments/omucan/cursed_pregnancy/
Cursed_minecraft_smp,Tragyc22k,Sun Jul 18 16:16:07 2021 UTC,48,4,www.reddit.com/r/cursedcomments/comments/omtml4/cursed_minecraft_smp/
Cursed_family,Ol_Pasta,Sun Jul 18 09:58:41 2021 UTC,151,8,www.reddit.com/r/cursedcomments/comments/omnolp/cursed_family/
cursed_sleepover,suzumiku,Sat Jul 17 13:30:50 2021 UTC,39.0k,243,www.reddit.com/r/cursedcomments/comments/om4aqi/cursed_sleepover/
cursed_feast,Teeafrog_44,Sun Jul 18 15:20:31 2021 UTC,57,4,www.reddit.com/r/cursedcomments/comments/omsilo/cursed_feast/
Cursed_catgirl,Evergreen-General,Sun Jul 18 18:10:57 2021 UTC,None,1,www.reddit.com/r/cursedcomments/comments/omvy38/cursed_catgirl/
cursed_grass,Aera67,Sun Jul 18 18:18:30 2021 UTC,None,2,www.reddit.com/r/cursedcomments/comments/omw3gw/cursed_grass/
Cursed sheep,Cuki7,Sun Jul 18 17:35:40 2021 UTC,None,2,www.reddit.com/r/cursedcomments/comments/omv8m9/cursed_sheep/
Cursed_kink,EddyFArt,Sun Jul 18 04:39:36 2021 UTC,359,6,www.reddit.com/r/cursedcomments/comments/omjrcc/cursed_kink/
cursed_meat grinder,xtilexx,Sun Jul 18 17:22:06 2021 UTC,None,4,www.reddit.com/r/cursedcomments/comments/omuyvn/cursed_meat_grinder/
Cursed_Rock-paper-scissors,Pauroquee,Sun Jul 18 11:15:41 2021 UTC,104,10,www.reddit.com/r/cursedcomments/comments/omomug/cursed_rockpaperscissors/
Cursed robot girlfriend,Memesilove9999,Sun Jul 18 18:02:04 2021 UTC,None,2,www.reddit.com/r/cursedcomments/comments/omvri5/cursed_robot_girlfriend/
Cursed_places,ANMSSHITPOSTER,Sun Jul 18 17:25:38 2021 UTC,None,7,www.reddit.com/r/cursedcomments/comments/omv1dn/cursed_places/
Cursed_movie,Ok-Chemistry-3373,Sun Jul 18 18:43:25 2021 UTC,None,4,www.reddit.com/r/cursedcomments/comments/omwl40/cursed_movie/
Cursed arm,Mr_Grando,Sat Jul 17 16:12:50 2021 UTC,6969,48,www.reddit.com/r/cursedcomments/comments/om77ld/cursed_arm/
Cursed_Apen't,Jean-leo,Sun Jul 18 13:45:32 2021 UTC,63,2,www.reddit.com/r/cursedcomments/comments/omqsra/cursed_apent/
Cursed_grass,shachna1404,Sun Jul 18 16:46:06 2021 UTC,39,1,www.reddit.com/r/cursedcomments/comments/omu8gq/cursed_grass/
cursed_shrek,IsaacComunAlvxD,Sat Jul 17 22:17:28 2021 UTC,1025,17,www.reddit.com/r/cursedcomments/comments/ome055/cursed_shrek/
Cursed_Waifu,Gruggernaut,Sun Jul 18 17:15:14 2021 UTC,None,11,www.reddit.com/r/cursedcomments/comments/omutyu/cursed_waifu/
Cursed_staring at dick.,supergamer_000004,Sun Jul 18 10:22:46 2021 UTC,108,6,www.reddit.com/r/cursedcomments/comments/omnz9q/cursed_staring_at_dick/
Cursed Poem,DontBoilYourKids,Sun Jul 18 16:53:05 2021 UTC,30,4,www.reddit.com/r/cursedcomments/comments/omudl6/cursed_poem/
Cursed_information,RecognitionOld3343,Sun Jul 18 17:17:57 2021 UTC,None,2,www.reddit.com/r/cursedcomments/comments/omuvwv/cursed_information/
cursed_striker jones,moi491,Sun Jul 18 14:13:50 2021 UTC,46,1,www.reddit.com/r/cursedcomments/comments/omra7f/cursed_striker_jones/
Cursed Austria,itzyani_04,Sun Jul 18 15:32:52 2021 UTC,36,1,www.reddit.com/r/cursedcomments/comments/omsr51/cursed_austria/
Cursed_warfare,TheMrjose801,Sun Jul 18 18:27:59 2021 UTC,None,2,www.reddit.com/r/cursedcomments/comments/omw9yb/cursed_warfare/
Cursed Impostors,GivoOnline,Sat Jul 17 20:01:13 2021 UTC,1384,37,www.reddit.com/r/cursedcomments/comments/ombkht/cursed_impostors/
Cursed_math,WerWolf07,Sun Jul 18 09:33:02 2021 UTC,107,2,www.reddit.com/r/cursedcomments/comments/omneaa/cursed_math/
Cursed condoms,Akshat1902,Sun Jul 18 17:20:39 2021 UTC,None,2,www.reddit.com/r/cursedcomments/comments/omuxvs/cursed_condoms/
cursed_heart,BigCaecilius,Sun Jul 18 11:25:04 2021 UTC,74,1,www.reddit.com/r/cursedcomments/comments/omor5r/cursed_heart/
cursed_funeral I put this comment on a meme and I was terrified by the reply.,damemer-memester,Sun Jul 18 15:52:14 2021 UTC,34,1,www.reddit.com/r/cursedcomments/comments/omt543/cursed_funeral_i_put_this_comment_on_a_meme_and_i/
Cursed_MMA,Nihiliist_,Sun Jul 18 16:00:21 2021 UTC,32,5,www.reddit.com/r/cursedcomments/comments/omtatl/cursed_mma/
Cursed_enderman,SuspiciousCard2654,Sat Jul 17 22:59:35 2021 UTC,710,8,www.reddit.com/r/cursedcomments/comments/omeocv/cursed_enderman/
Cursed_Arm,Square-Title5086,Sun Jul 18 17:38:19 2021 UTC,None,3,www.reddit.com/r/cursedcomments/comments/omvahh/cursed_arm/
Cursed_Chiropractor,BeTaClapzYT,Sun Jul 18 10:10:07 2021 UTC,86,6,www.reddit.com/r/cursedcomments/comments/omntp3/cursed_chiropractor/
Cursed wedding,fiskimata,Sun Jul 18 01:32:15 2021 UTC,425,5,www.reddit.com/r/cursedcomments/comments/omh173/cursed_wedding/
Cursed_funeral,Thin_Flamingo6568,Sat Jul 17 17:21:32 2021 UTC,2273,51,www.reddit.com/r/cursedcomments/comments/om8je8/cursed_funeral/
cursed_bloons,naftola,Sun Jul 18 13:36:42 2021 UTC,47,2,www.reddit.com/r/cursedcomments/comments/omqnjo/cursed_bloons/
Cursed_solo,Emotional_Studio_898,Sun Jul 18 17:39:45 2021 UTC,None,1,www.reddit.com/r/cursedcomments/comments/omvbj6/cursed_solo/
"cursed_ , another day on discord",Dogfan32,Sun Jul 18 17:20:01 2021 UTC,None,3,www.reddit.com/r/cursedcomments/comments/omuxek/cursed_another_day_on_discord/
Cursed discount,Aesteerix,Sun Jul 18 00:26:42 2021 UTC,500,8,www.reddit.com/r/cursedcomments/comments/omg1mf/cursed_discount/
Cursed Smile,kennthoughts,Sat Jul 17 12:07:57 2021 UTC,21.0k,198,www.reddit.com/r/cursedcomments/comments/om30ck/cursed_smile/
Cursed_plow,Saltyshakerss22,Sun Jul 18 16:47:02 2021 UTC,24,2,www.reddit.com/r/cursedcomments/comments/omu96s/cursed_plow/
Cursed_cum,Intelligent-Mousse66,Sun Jul 18 16:35:30 2021 UTC,26,1,www.reddit.com/r/cursedcomments/comments/omu0gx/cursed_cum/
Cursed_Piano,StealthBacon,Sun Jul 18 18:27:41 2021 UTC,None,1,www.reddit.com/r/cursedcomments/comments/omw9qu/cursed_piano/
Cursed spy_dogs,Best_Refrigerator801,Sun Jul 18 10:34:41 2021 UTC,74,2,www.reddit.com/r/cursedcomments/comments/omo4bm/cursed_spy_dogs/
Cursed_midgets,fattyguy999,Sun Jul 18 16:44:15 2021 UTC,25,1,www.reddit.com/r/cursedcomments/comments/omu708/cursed_midgets/
Cursed sex,No-Ad2931,Sun Jul 18 16:13:51 2021 UTC,27,2,www.reddit.com/r/cursedcomments/comments/omtkxz/cursed_sex/
Cursed thread,Affectionate-Lime-77,Sun Jul 18 16:47:14 2021 UTC,25,3,www.reddit.com/r/cursedcomments/comments/omu9cm/cursed_thread/
Cursed_masturbation,berk-AY,Sun Jul 18 17:48:14 2021 UTC,None,1,www.reddit.com/r/cursedcomments/comments/omvhox/cursed_masturbation/
Cursed_Bean,tatiman7,Sun Jul 18 15:32:10 2021 UTC,29,4,www.reddit.com/r/cursedcomments/comments/omsqm7/cursed_bean/
Cursed_tryhards,CODMer-hari,Sun Jul 18 07:14:05 2021 UTC,129,8,www.reddit.com/r/cursedcomments/comments/omlqge/cursed_tryhards/
cursed_gigantic_sperm_cells,GrosslyUneducated23,Sun Jul 18 15:18:37 2021 UTC,31,1,www.reddit.com/r/cursedcomments/comments/omsh90/cursed_gigantic_sperm_cells/
Cursed_vagina,rockethazard,Sun Jul 18 17:52:56 2021 UTC,None,1,www.reddit.com/r/cursedcomments/comments/omvkxw/cursed_vagina/
Cursed_milk,suchwow0,Sun Jul 18 03:46:22 2021 UTC,232,17,www.reddit.com/r/cursedcomments/comments/omj0d2/cursed_milk/
Cursed Mining,Best_Refrigerator801,Sun Jul 18 05:54:19 2021 UTC,151,8,www.reddit.com/r/cursedcomments/comments/omkqsj/cursed_mining/
Cursed rapping,Shifu7891,Sun Jul 18 16:23:22 2021 UTC,22,2,www.reddit.com/r/cursedcomments/comments/omtrtn/cursed_rapping/
Cursed_Furry,BattleBeastAm,Sun Jul 18 15:03:06 2021 UTC,27,2,www.reddit.com/r/cursedcomments/comments/oms64z/cursed_furry/
Cursed_'MURICA,BattleBeastAm,Sun Jul 18 14:48:29 2021 UTC,27,1,www.reddit.com/r/cursedcomments/comments/omrwds/cursed_murica/
Cursed_Head,TayrusOkami,Sun Jul 18 15:42:29 2021 UTC,25,2,www.reddit.com/r/cursedcomments/comments/omsy6b/cursed_head/
Cursed_Nerf_war,VIP0403,Sat Jul 17 12:26:44 2021 UTC,6368,42,www.reddit.com/r/cursedcomments/comments/om3a7o/cursed_nerf_war/
cursed_confession,MunkyPants,Sun Jul 18 01:46:05 2021 UTC,266,9,www.reddit.com/r/cursedcomments/comments/omh8ct/cursed_confession/
Cursed_explanation,Dirkdiggler_420,Sun Jul 18 16:42:34 2021 UTC,19,1,www.reddit.com/r/cursedcomments/comments/omu5sq/cursed_explanation/
Cursed_...i have no words,BattleBeastAm,Sun Jul 18 14:43:27 2021 UTC,26,1,www.reddit.com/r/cursedcomments/comments/omrsw6/cursed_i_have_no_words/
Cursed_Hard,Shadii_thephantom,Sun Jul 18 10:22:27 2021 UTC,53,1,www.reddit.com/r/cursedcomments/comments/omnz3r/cursed_hard/
Cursed_cat,McMasky,Sun Jul 18 18:25:44 2021 UTC,None,5,www.reddit.com/r/cursedcomments/comments/omw8fl/cursed_cat/
Cursed cat girl,Regulardoor761,Sun Jul 18 16:10:28 2021 UTC,20,5,www.reddit.com/r/cursedcomments/comments/omtic9/cursed_cat_girl/
Cursed_velociraptor (deleted and re-posted as I forgot to blur names out),The_holy_dinosaur_,Sun Jul 18 18:46:44 2021 UTC,None,1,www.reddit.com/r/cursedcomments/comments/omwnhb/cursed_velociraptor_deleted_and_reposted_as_i/
Cursed_bread,Ansh949,Sun Jul 18 17:27:43 2021 UTC,None,1,www.reddit.com/r/cursedcomments/comments/omv2ts/cursed_bread/
Cursed_pokemon,RainbowCraps,Sat Jul 17 21:28:17 2021 UTC,560,56,www.reddit.com/r/cursedcomments/comments/omd5um/cursed_pokemon/
Cursed_parents,LawlietHolmes,Sun Jul 18 08:06:06 2021 UTC,74,3,www.reddit.com/r/cursedcomments/comments/ommdcb/cursed_parents/
cursed_beating_tool,PhantomGamer362,Sun Jul 18 14:40:18 2021 UTC,24,5,www.reddit.com/r/cursedcomments/comments/omrqsl/cursed_beating_tool/
Cursed new character,JAlexLegit,Sun Jul 18 15:03:07 2021 UTC,21,1,www.reddit.com/r/cursedcomments/comments/oms65b/cursed_new_character/
Cursed_Grass,johnmihael360,Sun Jul 18 15:14:42 2021 UTC,21,1,www.reddit.com/r/cursedcomments/comments/omseh1/cursed_grass/
cursed_aunt,thegoodestperson,Sun Jul 18 15:12:35 2021 UTC,21,1,www.reddit.com/r/cursedcomments/comments/omscwc/cursed_aunt/
Cursed_Dolphin Encounter,bigconk69,Sun Jul 18 16:31:07 2021 UTC,14,1,www.reddit.com/r/cursedcomments/comments/omtx8x/cursed_dolphin_encounter/
Cursed_ed_sheeran,Pentaxpictures,Sun Jul 18 11:49:15 2021 UTC,35,2,www.reddit.com/r/cursedcomments/comments/omp2o5/cursed_ed_sheeran/
Cursed_monke,IDRYTISSS,Sun Jul 18 18:49:02 2021 UTC,None,1,www.reddit.com/r/cursedcomments/comments/omwp5k/cursed_monke/
cursed_boyfriend,woosh_if_gayy,Sun Jul 18 03:44:10 2021 UTC,145,1,www.reddit.com/r/cursedcomments/comments/omiz7i/cursed_boyfriend/
cursed_care,EzE_team_lubieser,Sun Jul 18 16:21:59 2021 UTC,15,1,www.reddit.com/r/cursedcomments/comments/omtqur/cursed_care/
Cursed taser,Motoroil64,Sun Jul 18 17:09:35 2021 UTC,None,1,www.reddit.com/r/cursedcomments/comments/omupp4/cursed_taser/
Cursed_serial killer duo,cheemsgyaru,Sun Jul 18 17:37:45 2021 UTC,None,2,www.reddit.com/r/cursedcomments/comments/omva2f/cursed_serial_killer_duo/
cursed_ddlc,Monsquidchr,Sun Jul 18 17:35:57 2021 UTC,None,3,www.reddit.com/r/cursedcomments/comments/omv8sp/cursed_ddlc/
Cursed_kiwi,PelicanDesAlpes,Sun Jul 18 16:22:06 2021 UTC,15,1,www.reddit.com/r/cursedcomments/comments/omtqxo/cursed_kiwi/
Cursed wiping,McGinge37,Sun Jul 18 01:20:24 2021 UTC,208,2,www.reddit.com/r/cursedcomments/comments/omgv1d/cursed_wiping/
Cursed_looks,PittyThePittyYT,Sun Jul 18 18:52:42 2021 UTC,None,0,www.reddit.com/r/cursedcomments/comments/omwro6/cursed_looks/
Cursed_Spongebob,shehdndj,Sun Jul 18 02:02:33 2021 UTC,175,4,www.reddit.com/r/cursedcomments/comments/omhh3g/cursed_spongebob/
cursed_reenactment,AmphibiousAssault723,Sun Jul 18 03:47:59 2021 UTC,129,3,www.reddit.com/r/cursedcomments/comments/omj18e/cursed_reenactment/
Cursed_gloryhole,Ducky_Gamer_13,Sun Jul 18 11:24:03 2021 UTC,30,2,www.reddit.com/r/cursedcomments/comments/omoqo0/cursed_gloryhole/
Cursed_legs,roxas_boi,Sat Jul 17 22:06:24 2021 UTC,363,9,www.reddit.com/r/cursedcomments/comments/omdtw6/cursed_legs/
Cursed_Rust_players,Lumberrmacc,Sun Jul 18 18:38:31 2021 UTC,None,1,www.reddit.com/r/cursedcomments/comments/omwhj9/cursed_rust_players/
Cursed_DreamJobðŸ¥¶,CrudeOilLube,Sun Jul 18 13:23:18 2021 UTC,22,4,www.reddit.com/r/cursedcomments/comments/omqfxv/cursed_dreamjob/
Cursed kink,zakuria44,Sun Jul 18 15:54:36 2021 UTC,14,2,www.reddit.com/r/cursedcomments/comments/omt6p4/cursed_kink/
Cursed_reality,quartorX,Sun Jul 18 18:57:36 2021 UTC,None,0,www.reddit.com/r/cursedcomments/comments/omwv53/cursed_reality/
Cursed_dessert,FlashyyFlashyy,Sun Jul 18 05:23:54 2021 UTC,88,2,www.reddit.com/r/cursedcomments/comments/omkcl6/cursed_dessert/
Cursed loot box,Jolene04,Sun Jul 18 06:33:57 2021 UTC,67,3,www.reddit.com/r/cursedcomments/comments/oml8xa/cursed_loot_box/
Cursed_Camgirl (NSFW?),KageSama6,Sun Jul 18 10:10:51 2021 UTC,37,4,www.reddit.com/r/cursedcomments/comments/omnu0p/cursed_camgirl_nsfw/
cursed_crunch,CryFy69,Sat Jul 17 17:20:03 2021 UTC,751,15,www.reddit.com/r/cursedcomments/comments/om8i5r/cursed_crunch/
Cursed_idontneedtoknowthat [r/suddenlygay],Winter-Zer0,Sun Jul 18 14:58:13 2021 UTC,15,1,www.reddit.com/r/cursedcomments/comments/oms2j5/cursed_idontneedtoknowthat_rsuddenlygay/
Cursed Queen,TrellTheLegend,Sun Jul 18 01:13:50 2021 UTC,166,3,www.reddit.com/r/cursedcomments/comments/omgrl1/cursed_queen/
Cursed_intimidation,Guitar__Rules,Sat Jul 17 18:09:48 2021 UTC,591,4,www.reddit.com/r/cursedcomments/comments/om9gg6/cursed_intimidation/
Cursed Facebook screenshot from a few years ago,Hybrid_Blood,Sun Jul 18 07:41:27 2021 UTC,49,2,www.reddit.com/r/cursedcomments/comments/omm2i5/cursed_facebook_screenshot_from_a_few_years_ago/
Cursed_CheatCode,BeTaClapzYT,Sat Jul 17 19:51:03 2021 UTC,416,17,www.reddit.com/r/cursedcomments/comments/ombdix/cursed_cheatcode/
cursed_slit,MirageTF2,Sun Jul 18 03:54:12 2021 UTC,99,10,www.reddit.com/r/cursedcomments/comments/omj4dm/cursed_slit/
Cursed hand,vanilla_mochi_cat,Sun Jul 18 18:38:12 2021 UTC,None,1,www.reddit.com/r/cursedcomments/comments/omwhak/cursed_hand/
Cursed Relation,Kid_Ph4ntom,Sun Jul 18 16:51:17 2021 UTC,9,4,www.reddit.com/r/cursedcomments/comments/omuca5/cursed_relation/
Cursed_GrassAllergy,Ceruberus_69,Sun Jul 18 16:10:30 2021 UTC,10,3,www.reddit.com/r/cursedcomments/comments/omtidl/cursed_grassallergy/
Cursed_brother,alfredohelou,Sun Jul 18 08:55:53 2021 UTC,35,2,www.reddit.com/r/cursedcomments/comments/ommyax/cursed_brother/
Cursed tennis,cow_fucker_3000,Sun Jul 18 09:20:19 2021 UTC,31,3,www.reddit.com/r/cursedcomments/comments/omn8zf/cursed_tennis/
Cursed_eyeball_chewing,SqlPvP_,Sun Jul 18 05:04:03 2021 UTC,70,6,www.reddit.com/r/cursedcomments/comments/omk3b2/cursed_eyeball_chewing/
cursed_cuddles,nikknez,Sat Jul 17 13:39:59 2021 UTC,1170,11,www.reddit.com/r/cursedcomments/comments/om4fuo/cursed_cuddles/
Cursed_taste,Evergreen-General,Sun Jul 18 18:54:13 2021 UTC,None,0,www.reddit.com/r/cursedcomments/comments/omwsr7/cursed_taste/
cursed_experiment,devinroling,Sun Jul 18 06:09:48 2021 UTC,54,9,www.reddit.com/r/cursedcomments/comments/omky8f/cursed_experiment/
Cursed response to a bad review,fatesoffspring,Sun Jul 18 09:11:09 2021 UTC,31,3,www.reddit.com/r/cursedcomments/comments/omn51k/cursed_response_to_a_bad_review/
Cursed_tutorial,Cl1ky,Sat Jul 17 09:15:40 2021 UTC,3164,23,www.reddit.com/r/cursedcomments/comments/om0x4h/cursed_tutorial/
Cursed Sauce,Epiknublol,Sun Jul 18 07:09:35 2021 UTC,40,2,www.reddit.com/r/cursedcomments/comments/omloet/cursed_sauce/
Cursed_clones,WhyAreMyHandsBlue,Sun Jul 18 08:44:55 2021 UTC,32,2,www.reddit.com/r/cursedcomments/comments/ommtqf/cursed_clones/
Cursed snake,CandiedOwl,Sun Jul 18 11:53:40 2021 UTC,17,2,www.reddit.com/r/cursedcomments/comments/omp4pq/cursed_snake/
Cursed_dog,Bulle_ITA,Sun Jul 18 07:29:03 2021 UTC,38,2,www.reddit.com/r/cursedcomments/comments/omlwzd/cursed_dog/
Cursed_advise,3ga1,Sun Jul 18 09:45:00 2021 UTC,25,2,www.reddit.com/r/cursedcomments/comments/omnj9s/cursed_advise/
cursed_street,Professional_Sky5369,Sun Jul 18 08:56:42 2021 UTC,28,1,www.reddit.com/r/cursedcomments/comments/ommyle/cursed_street/
cursed meals,ASY_hokage,Sun Jul 18 08:49:57 2021 UTC,26,1,www.reddit.com/r/cursedcomments/comments/ommvxe/cursed_meals/
cursed_butterfly,Virgae77,Sun Jul 18 11:36:09 2021 UTC,17,1,www.reddit.com/r/cursedcomments/comments/omow75/cursed_butterfly/
Cursed_Showandtell,ColdFire-Blitz,Sun Jul 18 01:48:29 2021 UTC,94,6,www.reddit.com/r/cursedcomments/comments/omh9m9/cursed_showandtell/
Cursed cake,ChildAbuser142,Sun Jul 18 02:15:49 2021 UTC,84,4,www.reddit.com/r/cursedcomments/comments/omho4g/cursed_cake/
Cursed_Kink,Dieg9009,Sat Jul 17 08:29:33 2021 UTC,2300,47,www.reddit.com/r/cursedcomments/comments/om0eek/cursed_kink/
Cursed_Experiment,PuzzleheadedPath548,Sun Jul 18 02:26:26 2021 UTC,67,6,www.reddit.com/r/cursedcomments/comments/omhtv9/cursed_experiment/
"Cursed Tourube comment thread about ""Ther Everything Store""",Insaneshadow3225,Sun Jul 18 08:17:23 2021 UTC,25,1,www.reddit.com/r/cursedcomments/comments/ommi8l/cursed_tourube_comment_thread_about_ther/
Cursed_Brojob,diesbelief,Sat Jul 17 22:53:30 2021 UTC,133,2,www.reddit.com/r/cursedcomments/comments/omel0c/cursed_brojob/
Cursed_CommentSection,Crafty-Loss4017,Sun Jul 18 08:44:16 2021 UTC,22,1,www.reddit.com/r/cursedcomments/comments/ommtfo/cursed_commentsection/
Cursed_Coffin,McSteve-71,Sat Jul 17 13:01:44 2021 UTC,808,10,www.reddit.com/r/cursedcomments/comments/om3tl9/cursed_coffin/
Cursed_seed,HauntedHyper,Sat Jul 17 17:25:22 2021 UTC,342,6,www.reddit.com/r/cursedcomments/comments/om8lx9/cursed_seed/
Cursed_Chick,Xochimilco4142,Sat Jul 17 21:57:21 2021 UTC,151,2,www.reddit.com/r/cursedcomments/comments/omdo74/cursed_chick/
cursed mom,db19king,Sun Jul 18 08:46:46 2021 UTC,23,7,www.reddit.com/r/cursedcomments/comments/ommukw/cursed_mom/
Cursed_lick,Shadow87907,Sun Jul 18 06:39:42 2021 UTC,30,3,www.reddit.com/r/cursedcomments/comments/omlbg0/cursed_lick/
Cursed_snack,regretfullstump,Sun Jul 18 17:24:12 2021 UTC,None,4,www.reddit.com/r/cursedcomments/comments/omv0bs/cursed_snack/
cursed_scp,Overseer_16,Sun Jul 18 05:19:04 2021 UTC,40,3,www.reddit.com/r/cursedcomments/comments/omkaco/cursed_scp/
Cursed_grease,ElliotPixel,Sun Jul 18 06:14:02 2021 UTC,28,2,www.reddit.com/r/cursedcomments/comments/oml052/cursed_grease/
Cursed_Skeleton,Toon6900,Sat Jul 17 06:23:52 2021 UTC,3015,34,www.reddit.com/r/cursedcomments/comments/olywsg/cursed_skeleton/
Cursed_ToiletPaper,Grayson1135,Sun Jul 18 00:25:44 2021 UTC,86,3,www.reddit.comhttps://i.redd.it/6s666812vtb71.png
Cursed_sucking,Madchap1805,Sat Jul 17 07:01:05 2021 UTC,2343,40,www.reddit.com/r/cursedcomments/comments/olzd70/cursed_sucking/
Cursed_triplekill,jay_foxx,Sat Jul 17 21:15:20 2021 UTC,137,2,www.reddit.com/r/cursedcomments/comments/omcxo5/cursed_triplekill/
Cursed_Harry,Alttimi,Sat Jul 17 03:23:46 2021 UTC,9728,67,www.reddit.com/r/cursedcomments/comments/olwg3u/cursed_harry/
Cursed ninja,understandablypigeon,Sun Jul 18 06:37:36 2021 UTC,24,1,www.reddit.com/r/cursedcomments/comments/omlajp/cursed_ninja/
Cursed sex,X2You,Sun Jul 18 05:55:36 2021 UTC,28,1,www.reddit.com/r/cursedcomments/comments/omkred/cursed_sex/
Cursed_Support,Crafty-Loss4017,Sun Jul 18 08:44:53 2021 UTC,17,1,www.reddit.com/r/cursedcomments/comments/ommtq1/cursed_support/
Cursed_love,36kangaroowalk,Sat Jul 17 06:17:43 2021 UTC,2423,34,www.reddit.com/r/cursedcomments/comments/olyu30/cursed_love/
cursed_kink,6h0stt,Sun Jul 18 04:56:12 2021 UTC,34,1,www.reddit.com/r/cursedcomments/comments/omjze3/cursed_kink/
Cursed sneaky kiss,John_The_Whiteboi,Sun Jul 18 02:14:48 2021 UTC,54,4,www.reddit.com/r/cursedcomments/comments/omhnk8/cursed_sneaky_kiss/
Cursed_Flag,Doubl4r,Sat Jul 17 22:02:48 2021 UTC,99,6,www.reddit.com/r/cursedcomments/comments/omdrnb/cursed_flag/
Cursed licking hammers and wearing skins,moistkinkajou,Sat Jul 17 23:20:22 2021 UTC,79,1,www.reddit.com/r/cursedcomments/comments/omf0a4/cursed_licking_hammers_and_wearing_skins/
cursed_neighbors,Dandroid347,Sun Jul 18 05:33:32 2021 UTC,22,1,www.reddit.com/r/cursedcomments/comments/omkgz5/cursed_neighbors/
Cursed beer,Trosso,Sat Jul 17 22:26:23 2021 UTC,82,2,www.reddit.com/r/cursedcomments/comments/ome59e/cursed_beer/
Cursed_World_War,LamakingTV,Sun Jul 18 16:27:55 2021 UTC,4,2,www.reddit.com/r/cursedcomments/comments/omtv17/cursed_world_war/
cursed_steak,750SAMZ,Sun Jul 18 01:47:53 2021 UTC,40,3,www.reddit.com/r/cursedcomments/comments/omh9b2/cursed_steak/
cursed_tiddies,_itsion_,Sun Jul 18 06:05:57 2021 UTC,19,3,www.reddit.com/r/cursedcomments/comments/omkwh0/cursed_tiddies/
Cursed couples,autisticboi07,Sat Jul 17 10:29:08 2021 UTC,681,7,www.reddit.com/r/cursedcomments/comments/om1qx5/cursed_couples/
Cursed student,TerrariaWeeb,Sat Jul 17 20:37:10 2021 UTC,106,8,www.reddit.com/r/cursedcomments/comments/omc8mv/cursed_student/
Cursed_food,idk_sTfuu,Sun Jul 18 05:06:14 2021 UTC,23,1,www.reddit.com/r/cursedcomments/comments/omk4ce/cursed_food/
Cursed dog,RagingBox08,Sun Jul 18 05:37:31 2021 UTC,21,2,www.reddit.com/r/cursedcomments/comments/omkiyt/cursed_dog/
cursed_flies,mrjoethebeast,Sat Jul 17 21:53:10 2021 UTC,81,5,www.reddit.com/r/cursedcomments/comments/omdlpq/cursed_flies/
cursed_manager,Luc4AR9009_,Sat Jul 17 21:56:30 2021 UTC,77,3,www.reddit.com/r/cursedcomments/comments/omdnoa/cursed_manager/
Cursed_realization,rebelhunter98075,Sun Jul 18 03:37:16 2021 UTC,27,2,www.reddit.com/r/cursedcomments/comments/omivou/cursed_realization/
Cursed_deepfrier,ElliotPixel,Sat Jul 17 12:48:10 2021 UTC,406,9,www.reddit.com/r/cursedcomments/comments/om3lnl/cursed_deepfrier/
Cursed Grandpa,KattMann00,Sat Jul 17 23:16:13 2021 UTC,60,1,www.reddit.com/r/cursedcomments/comments/omexxl/cursed_grandpa/
Cursed_cheese,TheMardii,Sat Jul 17 22:30:51 2021 UTC,66,3,www.reddit.com/r/cursedcomments/comments/ome7x9/cursed_cheese/
Cursed_HotFood,Joey6182,Sun Jul 18 01:43:40 2021 UTC,35,2,www.reddit.com/r/cursedcomments/comments/omh73o/cursed_hotfood/
Cursed_gus,thefisheyboy,Sun Jul 18 02:17:42 2021 UTC,35,3,www.reddit.com/r/cursedcomments/comments/omhp4k/cursed_gus/
Cursed_Papa Smurf,PersonJ7,Sun Jul 18 03:47:05 2021 UTC,25,1,www.reddit.com/r/cursedcomments/comments/omj0qd/cursed_papa_smurf/
Cursed_milkshake,Kndam5,Sat Jul 17 23:58:34 2021 UTC,50,4,www.reddit.com/r/cursedcomments/comments/omflt1/cursed_milkshake/
Cursed interview,bourjahamid,Sun Jul 18 00:35:31 2021 UTC,43,2,www.reddit.com/r/cursedcomments/comments/omg6ij/cursed_interview/
Cursed motivation,Sea_Ad_3001,Sat Jul 17 23:05:18 2021 UTC,53,2,www.reddit.com/r/cursedcomments/comments/omertn/cursed_motivation/
cursed_lego,No_Astronomer_5045,Sat Jul 17 23:21:28 2021 UTC,50,2,www.reddit.com/r/cursedcomments/comments/omf0w0/cursed_lego/
Cursed hugâ€¦,louis1968,Sat Jul 17 20:42:19 2021 UTC,76,8,www.reddit.com/r/cursedcomments/comments/omcbu8/cursed_hug/
Cursed_neighbor,berkhee,Sun Jul 18 01:22:32 2021 UTC,32,2,www.reddit.com/r/cursedcomments/comments/omgw59/cursed_neighbor/
Cursed Help,BasicPossibilities,Sun Jul 18 01:51:30 2021 UTC,29,1,www.reddit.com/r/cursedcomments/comments/omhb8l/cursed_help/
Cursed_comment my goodness what an idea. Why didn't I think of that?,IamUntiledGooseAMA,Sun Jul 18 02:10:07 2021 UTC,26,1,www.reddit.com/r/cursedcomments/comments/omhky2/cursed_comment_my_goodness_what_an_idea_why_didnt/
cursed_kinks,AxLxSOFIE,Sat Jul 17 12:08:46 2021 UTC,309,11,www.reddit.com/r/cursedcomments/comments/om30pj/cursed_kinks/
Cursed ass eating,Fanfic_Galore,Sat Jul 17 21:16:41 2021 UTC,60,3,www.reddit.com/r/cursedcomments/comments/omcyn6/cursed_ass_eating/
Cursed_Michael Jordan,lawndutyjudgejudy13,Sun Jul 18 06:06:22 2021 UTC,10,1,www.reddit.com/r/cursedcomments/comments/omkwnm/cursed_michael_jordan/
cursed advise,LiQuidCraB,Sun Jul 18 19:01:48 2021 UTC,None,0,www.reddit.com/r/cursedcomments/comments/omwy91/cursed_advise/
Cursed_Everything,Curry-Muncher32,Sat Jul 17 21:02:37 2021 UTC,57,3,www.reddit.com/r/cursedcomments/comments/omcpdf/cursed_everything/
Cursed_Brain,Historical_Fish878,Sun Jul 18 02:09:59 2021 UTC,21,1,www.reddit.com/r/cursedcomments/comments/omhkvb/cursed_brain/
Cursed cock,NotYourCreepyUncle69,Sat Jul 17 07:08:35 2021 UTC,660,5,www.reddit.com/r/cursedcomments/comments/olzglv/cursed_cock/
cursed_drink,BlazR_,Sun Jul 18 05:31:08 2021 UTC,12,2,www.reddit.com/r/cursedcomments/comments/omkfuz/cursed_drink/
Cursed Mushrooms,Live_Ad8187,Sun Jul 18 00:41:31 2021 UTC,26,3,www.reddit.com/r/cursedcomments/comments/omg9yj/cursed_mushrooms/
cursed_bananas.dll,Francis934,Fri Jul 16 22:06:24 2021 UTC,6284,127,www.reddit.com/r/cursedcomments/comments/olr6vc/cursed_bananasdll/
Cursed date,Kaio_Ren,Sun Jul 18 02:27:37 2021 UTC,20,4,www.reddit.com/r/cursedcomments/comments/omhuia/cursed_date/
Cursed Harry Potter,Admirable-Pride-3754,Sat Jul 17 22:08:05 2021 UTC,37,2,www.reddit.com/r/cursedcomments/comments/omdutx/cursed_harry_potter/
Cursed_speedrun,PyzzaPastaMandolyn0,Sat Jul 17 21:26:08 2021 UTC,42,1,www.reddit.com/r/cursedcomments/comments/omd4j9/cursed_speedrun/
Cursed_lavender,ricardo0139,Sat Jul 17 20:03:16 2021 UTC,48,2,www.reddit.com/r/cursedcomments/comments/omblzl/cursed_lavender/
Cursed_goofy,Eithan_galley,Sat Jul 17 22:19:22 2021 UTC,33,3,www.reddit.com/r/cursedcomments/comments/ome18b/cursed_goofy/
Cursed_K-POP,KWPPPPP,Sun Jul 18 00:30:24 2021 UTC,20,1,www.reddit.com/r/cursedcomments/comments/omg3n6/cursed_kpop/
cursed spiders,mopeiobebeast,Sun Jul 18 02:26:19 2021 UTC,14,2,www.reddit.com/r/cursedcomments/comments/omhtt3/cursed_spiders/
Cursed Pizza,kesteven1,Sat Jul 17 20:22:19 2021 UTC,42,6,www.reddit.com/r/cursedcomments/comments/ombyiy/cursed_pizza/
Cursed heart break,These-Ad8759,Sat Jul 17 16:17:46 2021 UTC,85,2,www.reddit.com/r/cursedcomments/comments/om7aw8/cursed_heart_break/
Cursed Boner,baronvb1123,Fri Jul 16 22:47:59 2021 UTC,2690,22,www.reddit.com/r/cursedcomments/comments/olrzby/cursed_boner/
cursed_sea,alexiabunea_,Sat Jul 17 16:57:39 2021 UTC,75,6,www.reddit.com/r/cursedcomments/comments/om82bn/cursed_sea/
Cursed taste,bigfunnynumbergobrrr,Sat Jul 17 21:31:29 2021 UTC,31,5,www.reddit.com/r/cursedcomments/comments/omd820/cursed_taste/
Cursed_Water,mischloupsleprout,Sat Jul 17 09:23:45 2021 UTC,287,3,www.reddit.com/r/cursedcomments/comments/om10b1/cursed_water/
cursed_minecraftbed,yaou_gui,Sun Jul 18 01:36:07 2021 UTC,15,1,www.reddit.com/r/cursedcomments/comments/omh361/cursed_minecraftbed/
Cursed_Swordfight,Toon6900,Sat Jul 17 05:10:28 2021 UTC,595,14,www.reddit.com/r/cursedcomments/comments/olxy5p/cursed_swordfight/
Cursed storage,Antsint,Sat Jul 17 19:11:50 2021 UTC,44,7,www.reddit.com/r/cursedcomments/comments/omamdd/cursed_storage/
Cursed_GobletOfFire,Mindless_Sentence_,Fri Jul 16 21:21:10 2021 UTC,3287,26,www.reddit.com/r/cursedcomments/comments/olqbvh/cursed_gobletoffire/
Cursed_Dears,-Tom_OS-,Sat Jul 17 11:43:54 2021 UTC,166,4,www.reddit.com/r/cursedcomments/comments/om2o5p/cursed_dears/
Cursed_Forbidden techniques,TortPoop,Sun Jul 18 02:48:26 2021 UTC,11,1,www.reddit.com/r/cursedcomments/comments/omi5on/cursed_forbidden_techniques/
Cursed_friends,al_mitra,Fri Jul 16 16:31:27 2021 UTC,25.0k,141,www.reddit.com/r/cursedcomments/comments/olkfit/cursed_friends/
Cursed death,Nightmare_dreamYT,Sat Jul 17 19:52:10 2021 UTC,39,6,www.reddit.com/r/cursedcomments/comments/ombe7b/cursed_death/
Cursed_era,TheJWeed,Sat Jul 17 20:29:58 2021 UTC,34,1,www.reddit.com/r/cursedcomments/comments/omc3uz/cursed_era/
Cursed_Go for it guys ðŸ’ª,URdailyfren,Fri Jul 16 17:28:58 2021 UTC,17.5k,112,www.reddit.com/r/cursedcomments/comments/ollmiz/cursed_go_for_it_guys/
cursed_speedrun,br0k3ncup,Sat Jul 17 23:39:59 2021 UTC,18,2,www.reddit.com/r/cursedcomments/comments/omfb8j/cursed_speedrun/
Cursed_couples,Specific_Whale,Sat Jul 17 13:44:42 2021 UTC,103,4,www.reddit.com/r/cursedcomments/comments/om4izy/cursed_couples/
Cursed_raise,deathstarphotography,Fri Jul 16 17:35:29 2021 UTC,9581,42,www.reddit.com/r/cursedcomments/comments/ollriv/cursed_raise/
Cursed_madness combat,big-boi-jason,Sun Jul 18 00:50:22 2021 UTC,13,1,www.reddit.com/r/cursedcomments/comments/omgevp/cursed_madness_combat/
Cursed pillow,dalai_lara,Sat Jul 17 08:09:04 2021 UTC,257,11,www.reddit.comhttps://i.imgur.com/ocBAZhf.jpg
Cursed Funsies,the_last_lemurian,Sat Jul 17 21:26:10 2021 UTC,22,1,www.reddit.com/r/cursedcomments/comments/omd4js/cursed_funsies/
Cursed_sausage,Repulsive-Passenger5,Sat Jul 17 14:56:48 2021 UTC,68,7,www.reddit.com/r/cursedcomments/comments/om5t0d/cursed_sausage/
Cursed_Weekend,The_Negotiator1012,Fri Jul 16 20:19:06 2021 UTC,2322,39,www.reddit.com/r/cursedcomments/comments/olp50b/cursed_weekend/
cursed_engie,TLDispenser,Sat Jul 17 22:37:01 2021 UTC,14,1,www.reddit.com/r/cursedcomments/comments/omebho/cursed_engie/
Cursed_Oh no,URdailyfren,Fri Jul 16 14:48:40 2021 UTC,25.2k,203,www.reddit.com/r/cursedcomments/comments/olibw7/cursed_oh_no/
Cursed_Korok,oof1244,Sat Jul 17 09:24:08 2021 UTC,165,2,www.reddit.com/r/cursedcomments/comments/om10gm/cursed_korok/
Cursed horse,Sudden_Increase_3787,Sat Jul 17 22:10:05 2021 UTC,16,1,www.reddit.com/r/cursedcomments/comments/omdvzh/cursed_horse/
Cursed balls,Demon_Shafaet,Fri Jul 16 16:49:12 2021 UTC,7113,28,www.reddit.com/r/cursedcomments/comments/olksfw/cursed_balls/
Cursed_cum,Nikaru_Hakamura,Sat Jul 17 10:10:03 2021 UTC,128,6,www.reddit.com/r/cursedcomments/comments/om1iyp/cursed_cum/
Cursed_Recycling,CoolHeadeGamer,Sat Jul 17 11:32:49 2021 UTC,102,2,www.reddit.com/r/cursedcomments/comments/om2idv/cursed_recycling/
Cursed_photo,B_Jozsef,Fri Jul 16 14:52:27 2021 UTC,14.4k,25,www.reddit.com/r/cursedcomments/comments/olieh1/cursed_photo/
Cursed_support,helloworldw2,Sun Jul 18 06:27:30 2021 UTC,4,1,www.reddit.com/r/cursedcomments/comments/oml5zc/cursed_support/
Cursed_percentage,Sleepyweb,Fri Jul 16 23:18:10 2021 UTC,939,8,www.reddit.com/r/cursedcomments/comments/olsjqr/cursed_percentage/
Cursed_asseating,The-Baljeet,Sat Jul 17 20:34:11 2021 UTC,21,3,www.reddit.com/r/cursedcomments/comments/omc6u0/cursed_asseating/
Cursed_Fish,watermelonseed0,Sat Jul 17 21:26:33 2021 UTC,16,4,www.reddit.com/r/cursedcomments/comments/omd4s3/cursed_fish/
Cursed_madnesscombat,Skid_with_a_gun,Sat Jul 17 21:32:18 2021 UTC,14,1,www.reddit.com/r/cursedcomments/comments/omd8mx/cursed_madnesscombat/
Cursed_grandma,JJMATA1313,Sat Jul 17 21:50:26 2021 UTC,11,1,www.reddit.com/r/cursedcomments/comments/omdk2i/cursed_grandma/
Cursed_objective,DrCharmander10,Fri Jul 16 21:39:42 2021 UTC,1075,12,www.reddit.com/r/cursedcomments/comments/olqo6c/cursed_objective/
cursed_road rage,mynamehere875,Sat Jul 17 20:30:25 2021 UTC,15,1,www.reddit.com/r/cursedcomments/comments/omc47k/cursed_road_rage/
Cursed_Milk,jessuscrist,Sat Jul 17 13:06:52 2021 UTC,61,4,www.reddit.com/r/cursedcomments/comments/om3wnf/cursed_milk/
Cursed_subreddit,Dunamis6,Fri Jul 16 15:41:59 2021 UTC,4269,91,www.reddit.com/r/cursedcomments/comments/oljenr/cursed_subreddit/
Cursed_69,GulluZ,Sat Jul 17 02:47:24 2021 UTC,351,10,www.reddit.com/r/cursedcomments/comments/olvvvf/cursed_69/
Cursed_ Power,BeneficialResolve984,Sat Jul 17 08:26:55 2021 UTC,118,4,www.reddit.com/r/cursedcomments/comments/om0ddg/cursed_power/
Cursed_possession,pragmail124,Sat Jul 17 08:03:22 2021 UTC,130,15,www.reddit.com/r/cursedcomments/comments/om03p8/cursed_possession/
Cursed_cabt,BlackFoxBG,Sat Jul 17 06:21:55 2021 UTC,166,4,www.reddit.com/r/cursedcomments/comments/olyvy7/cursed_cabt/
Cursed_Murderer,Ceruberus_69,Sun Jul 18 00:11:26 2021 UTC,9,1,www.reddit.com/r/cursedcomments/comments/omftgd/cursed_murderer/
Cursed Job Search,TheFleshGordon,Sat Jul 17 16:39:17 2021 UTC,24,3,www.reddit.com/r/cursedcomments/comments/om7pjl/cursed_job_search/
Cursed_opportunity,Captain__Zanzibar,Sat Jul 17 12:28:53 2021 UTC,52,5,www.reddit.com/r/cursedcomments/comments/om3b8v/cursed_opportunity/
Cursed_X_with_boulder,Hud_is_on,Sun Jul 18 00:49:42 2021 UTC,9,1,www.reddit.com/r/cursedcomments/comments/omgeiq/cursed_x_with_boulder/
Cursed_ChickenSandwich,skyelynes,Fri Jul 16 21:13:44 2021 UTC,806,21,www.reddit.com/r/cursedcomments/comments/olq6xi/cursed_chickensandwich/
cursed_pavlovs_experiment,PilifXD,Sat Jul 17 10:55:22 2021 UTC,65,3,www.reddit.com/r/cursedcomments/comments/om21jm/cursed_pavlovs_experiment/
Cursed_Deeep,URdailyfren,Fri Jul 16 14:05:46 2021 UTC,4305,31,www.reddit.com/r/cursedcomments/comments/olhiuq/cursed_deeep/
Cursed_Minecraft,DRIPstone905,Sat Jul 17 07:16:35 2021 UTC,121,3,www.reddit.com/r/cursedcomments/comments/olzk28/cursed_minecraft/
Cursed_threesome,Safin_ns,Sat Jul 17 07:57:18 2021 UTC,98,3,www.reddit.com/r/cursedcomments/comments/om00w8/cursed_threesome/
Cursed_Poison,Savage-Mamu,Sat Jul 17 06:03:43 2021 UTC,142,5,www.reddit.com/r/cursedcomments/comments/olynuh/cursed_poison/
Cursed_Sand,iwytlm,Sat Jul 17 10:45:06 2021 UTC,58,1,www.reddit.com/r/cursedcomments/comments/om1xfk/cursed_sand/
Cursed_Basic_Basement,Ark_Shrivastava,Sat Jul 17 16:55:02 2021 UTC,19,5,www.reddit.com/r/cursedcomments/comments/om80j0/cursed_basic_basement/
Cursed crack,sadicecube,Sat Jul 17 08:02:42 2021 UTC,93,7,www.reddit.com/r/cursedcomments/comments/om03ey/cursed_crack/
Cursed vaccine moment,ORIH_GG,Fri Jul 16 21:55:59 2021 UTC,576,16,www.reddit.com/r/cursedcomments/comments/olqzpz/cursed_vaccine_moment/
Cursed trades,Fit_Category1214,Sat Jul 17 11:21:16 2021 UTC,46,3,www.reddit.com/r/cursedcomments/comments/om2d87/cursed_trades/
Cursed Potatoes,gameformer,Sat Jul 17 17:20:54 2021 UTC,17,3,www.reddit.com/r/cursedcomments/comments/om8iuw/cursed_potatoes/
cursed_cheese,DigitalSword,Sat Jul 17 21:15:42 2021 UTC,8,4,www.reddit.com/r/cursedcomments/comments/omcxzs/cursed_cheese/
cursed midnight stroll,B3nt69420,Sat Jul 17 07:25:42 2021 UTC,89,4,www.reddit.com/r/cursedcomments/comments/olznzx/cursed_midnight_stroll/
Cursed fan,Killercozane,Sat Jul 17 00:36:07 2021 UTC,290,6,www.reddit.com/r/cursedcomments/comments/oltuh3/cursed_fan/
Cursed Gender Reveal Party,Skit-Flicks,Fri Jul 16 12:41:04 2021 UTC,3698,24,www.reddit.com/r/cursedcomments/comments/olg35n/cursed_gender_reveal_party/
Cursed poo poo devil,Level_Ad_2937,Fri Jul 16 10:28:46 2021 UTC,9540,53,www.reddit.com/r/cursedcomments/comments/ole6fe/cursed_poo_poo_devil/
Cursed evidence,AnotherRediter,Fri Jul 16 22:03:57 2021 UTC,457,6,www.reddit.com/r/cursedcomments/comments/olr555/cursed_evidence/
Cursed gladiator,ljilikoard,Fri Jul 16 09:30:45 2021 UTC,13.9k,224,www.reddit.com/r/cursedcomments/comments/oldg81/cursed_gladiator/
Cursed_Diarrhea,dogelover77,Fri Jul 16 15:16:31 2021 UTC,1544,11,www.reddit.com/r/cursedcomments/comments/olivxz/cursed_diarrhea/
Cursed_Anakin_eating,Lukaziby,Sat Jul 17 08:49:37 2021 UTC,53,2,www.reddit.com/r/cursedcomments/comments/om0mgu/cursed_anakin_eating/
Cursed_Dumbledore,SvEnThEePiCw0lF,Sat Jul 17 01:50:22 2021 UTC,191,5,www.reddit.com/r/cursedcomments/comments/olv05a/cursed_dumbledore/
Cursed Recycling,HISTORYBOIII,Sat Jul 17 09:58:47 2021 UTC,41,2,www.reddit.com/r/cursedcomments/comments/om1e79/cursed_recycling/
Cursed_crack,tomtheboos,Sat Jul 17 10:14:06 2021 UTC,43,5,www.reddit.com/r/cursedcomments/comments/om1kne/cursed_crack/
cursed_jamesJarles,minecunha11,Fri Jul 16 16:59:57 2021 UTC,931,14,www.reddit.com/r/cursedcomments/comments/oll0s8/cursed_jamesjarles/
Cursed_Cow,YeetMahNut,Sat Jul 17 09:40:20 2021 UTC,42,2,www.reddit.com/r/cursedcomments/comments/om16vx/cursed_cow/
Cursed_Transformer,Toon6900,Sat Jul 17 06:03:40 2021 UTC,75,7,www.reddit.com/r/cursedcomments/comments/olynth/cursed_transformer/
Cursed pokemon,NeoSans1,Fri Jul 16 16:12:58 2021 UTC,947,35,www.reddit.com/r/cursedcomments/comments/olk1fa/cursed_pokemon/
cursed_mayo,UnknownEpic243,Sat Jul 17 06:37:42 2021 UTC,64,2,www.reddit.com/r/cursedcomments/comments/olz2y1/cursed_mayo/
Cursed_Documentery,Xochimilco4142,Sat Jul 17 05:30:15 2021 UTC,81,3,www.reddit.com/r/cursedcomments/comments/oly7hs/cursed_documentery/
Cursed_talking about Raw Carnivores,Crocodillemon,Sat Jul 17 11:11:50 2021 UTC,27,5,www.reddit.com/r/cursedcomments/comments/om28we/cursed_talking_about_raw_carnivores/
Cursed_Penguinz0 Spider-Man quote,Other-Program7856,Sat Jul 17 08:17:03 2021 UTC,43,2,www.reddit.com/r/cursedcomments/comments/om09b9/cursed_penguinz0_spiderman_quote/
Cursed experiment,elarkero,Sat Jul 17 10:37:03 2021 UTC,29,2,www.reddit.com/r/cursedcomments/comments/om1u5b/cursed_experiment/
Cursed_splat,sumbadsketches,Sat Jul 17 10:32:22 2021 UTC,28,1,www.reddit.com/r/cursedcomments/comments/om1s9b/cursed_splat/
Cursed_arrangement,StickyMcStickens,Fri Jul 16 19:34:56 2021 UTC,355,6,www.reddit.com/r/cursedcomments/comments/olo917/cursed_arrangement/
Cursed_dumbledore,EntertainmentBig9192,Sat Jul 17 08:11:23 2021 UTC,34,1,www.reddit.com/r/cursedcomments/comments/om06zh/cursed_dumbledore/
cursed_penny,Professional-Dog4782,Sat Jul 17 03:17:01 2021 UTC,87,5,www.reddit.com/r/cursedcomments/comments/olwcdo/cursed_penny/
Cursed_NewEmojis,vorgrathaxis,Sat Jul 17 06:35:36 2021 UTC,46,3,www.reddit.com/r/cursedcomments/comments/olz1za/cursed_newemojis/
Cursed_lego,liliam2007,Sat Jul 17 05:25:06 2021 UTC,53,6,www.reddit.com/r/cursedcomments/comments/oly51g/cursed_lego/
cursed_nutella,Dat1Gamer_,Fri Jul 16 19:35:04 2021 UTC,310,15,www.reddit.com/r/cursedcomments/comments/olo94j/cursed_nutella/
Cursed KFC,_noobgamer69,Fri Jul 16 10:30:16 2021 UTC,1860,8,www.reddit.com/r/cursedcomments/comments/ole75p/cursed_kfc/
Cursed cage,Shoto_todoroki27,Fri Jul 16 20:24:17 2021 UTC,262,13,www.reddit.com/r/cursedcomments/comments/olp8j4/cursed_cage/
Cursed_PulledPork,Pumpkinskydie,Sat Jul 17 08:38:09 2021 UTC,29,2,www.reddit.com/r/cursedcomments/comments/om0hvx/cursed_pulledpork/
cursed_sharing,quingkeso,Fri Jul 16 16:27:52 2021 UTC,517,15,www.reddit.com/r/cursedcomments/comments/olkcyu/cursed_sharing/
Cursed_milk,lukmarkf,Fri Jul 16 17:28:16 2021 UTC,422,12,www.reddit.com/r/cursedcomments/comments/ollm0u/cursed_milk/
Cursed vegans one step at a time.,lemmegetadab,Sat Jul 17 16:10:48 2021 UTC,5,1,www.reddit.com/r/cursedcomments/comments/om769j/cursed_vegans_one_step_at_a_time/
Cursed_Kobe,pBr_R1ot,Fri Jul 16 05:36:28 2021 UTC,7396,81,www.reddit.com/r/cursedcomments/comments/olahro/cursed_kobe/
Cursed_Constellation,XxlitgamerxX,Sat Jul 17 06:52:24 2021 UTC,36,2,www.reddit.com/r/cursedcomments/comments/olz977/cursed_constellation/
Cursed_LDS,Nicoletta_Al-Kaysani,Sat Jul 17 05:24:49 2021 UTC,46,3,www.reddit.com/r/cursedcomments/comments/oly4x7/cursed_lds/
Cursed_champion (Bc mobile i couldnt fit image text so summary in comments),Aspuos,Fri Jul 16 23:01:25 2021 UTC,142,10,www.reddit.com/r/cursedcomments/comments/ols8j1/cursed_champion_bc_mobile_i_couldnt_fit_image/
Cursed_Penis,Tweissm,Sat Jul 17 05:50:04 2021 UTC,42,5,www.reddit.com/r/cursedcomments/comments/olyhbn/cursed_penis/
Cursed_Shower,BeneficialResolve984,Fri Jul 16 09:17:34 2021 UTC,1986,13,www.reddit.com/r/cursedcomments/comments/oldaah/cursed_shower/
Cursed_airballoon,Juicygrapefruit27,Sat Jul 17 07:40:36 2021 UTC,29,3,www.reddit.com/r/cursedcomments/comments/olzu1w/cursed_airballoon/
Cursed_ but average,Fernandoproduction,Sat Jul 17 01:55:56 2021 UTC,81,6,www.reddit.com/r/cursedcomments/comments/olv367/cursed_but_average/
Cursed not my proudest,MemeStonks76,Sat Jul 17 04:21:32 2021 UTC,50,7,www.reddit.com/r/cursedcomments/comments/olxae8/cursed_not_my_proudest/
Cursed_Grave,TheTrumpDoublechin,Fri Jul 16 14:01:41 2021 UTC,682,15,www.reddit.com/r/cursedcomments/comments/olhg2e/cursed_grave/
Cursed_Throwaway,J1mSock,Sat Jul 17 03:13:57 2021 UTC,62,4,www.reddit.comhttps://i.imgur.com/c4PRuuc.jpg
Cursed_daddy,Broad_Solution930,Sat Jul 17 04:48:38 2021 UTC,46,1,www.reddit.com/r/cursedcomments/comments/olxnnq/cursed_daddy/
Cursed_evil_siren,Entcune,Sat Jul 17 03:29:52 2021 UTC,54,7,www.reddit.com/r/cursedcomments/comments/olwjdb/cursed_evil_siren/
Cursed_Steve,TheShonenShow,Sat Jul 17 04:29:37 2021 UTC,45,4,www.reddit.com/r/cursedcomments/comments/olxebr/cursed_steve/
Cursed_bdsm,Rishi_mtlwr_017,Sat Jul 17 06:51:25 2021 UTC,30,1,www.reddit.com/r/cursedcomments/comments/olz8s2/cursed_bdsm/
Cursed_Funeral,tibodevivier,Fri Jul 16 22:00:49 2021 UTC,141,7,www.reddit.com/r/cursedcomments/comments/olr2zt/cursed_funeral/
cursed Drack,cartoon_Dinosaur,Sat Jul 17 03:54:15 2021 UTC,52,3,www.reddit.com/r/cursedcomments/comments/olwwad/cursed_drack/
cursed knife,Dingoes12,Sat Jul 17 04:48:50 2021 UTC,36,4,www.reddit.com/r/cursedcomments/comments/olxnr4/cursed_knife/
Cursed_Ken,YEEEHAWWBOIS,Fri Jul 16 21:17:06 2021 UTC,155,1,www.reddit.com/r/cursedcomments/comments/olq982/cursed_ken/
Cursed_doom eternal,silver463,Sat Jul 17 10:53:45 2021 UTC,14,2,www.reddit.com/r/cursedcomments/comments/om20x2/cursed_doom_eternal/
Cursed food,Poku2006,Sat Jul 17 03:35:57 2021 UTC,49,7,www.reddit.com/r/cursedcomments/comments/olwmlk/cursed_food/
Cursed_Natives,mbetata,Fri Jul 16 18:43:38 2021 UTC,228,19,www.reddit.com/r/cursedcomments/comments/oln6wg/cursed_natives/
cursed_vampire,z0ntheonly,Sat Jul 17 07:41:36 2021 UTC,24,6,www.reddit.com/r/cursedcomments/comments/olzuh4/cursed_vampire/
Cursed foreskin,Elmer-Fuddd,Sat Jul 17 05:31:12 2021 UTC,32,6,www.reddit.com/r/cursedcomments/comments/oly7yt/cursed_foreskin/
cursed_haircut,gopniksquatting,Fri Jul 16 15:26:14 2021 UTC,407,3,www.reddit.com/r/cursedcomments/comments/olj2zz/cursed_haircut/
Cursed_goose,metaldunce,Fri Jul 16 19:19:08 2021 UTC,195,7,www.reddit.com/r/cursedcomments/comments/olnx6y/cursed_goose/
cursed_travellers,Blizzard_bladerunner,Fri Jul 16 09:32:39 2021 UTC,1222,12,www.reddit.com/r/cursedcomments/comments/oldh3u/cursed_travellers/
Cursed_dolls,NotClamity,Sat Jul 17 07:14:37 2021 UTC,23,1,www.reddit.com/r/cursedcomments/comments/olzj8d/cursed_dolls/
Cursed_spider pill,RznUnicorn,Sat Jul 17 07:45:04 2021 UTC,22,3,www.reddit.com/r/cursedcomments/comments/olzvwv/cursed_spider_pill/
Cursed aroma,aaryan-lord,Sat Jul 17 04:30:37 2021 UTC,38,3,www.reddit.com/r/cursedcomments/comments/olxetp/cursed_aroma/
Cursed_race,CraigTheLejYT,Fri Jul 16 19:40:41 2021 UTC,177,2,www.reddit.com/r/cursedcomments/comments/olocxe/cursed_race/
Cursed_Smash,Shadii_thephantom,Fri Jul 16 21:39:51 2021 UTC,116,5,www.reddit.com/r/cursedcomments/comments/olqo9w/cursed_smash/
cursed_punk band,yashpradhan625,Fri Jul 16 19:00:10 2021 UTC,184,3,www.reddit.com/r/cursedcomments/comments/olniyz/cursed_punk_band/
Cursed_Username,WatUpBrotherin,Fri Jul 16 14:05:50 2021 UTC,464,20,www.reddit.com/r/cursedcomments/comments/olhiwr/cursed_username/
Cursed_Professions,HappyPidgey53,Fri Jul 16 17:39:44 2021 UTC,238,2,www.reddit.com/r/cursedcomments/comments/ollug7/cursed_professions/
Cursed Woosh!,gusher4345,Fri Jul 16 22:22:14 2021 UTC,99,5,www.reddit.com/r/cursedcomments/comments/olrhnz/cursed_woosh/
Cursed_Asshole,Tweissm,Fri Jul 16 22:57:53 2021 UTC,87,3,www.reddit.com/r/cursedcomments/comments/ols672/cursed_asshole/
Cursed auto mod,Nautiyal_Adi,Sat Jul 17 07:49:14 2021 UTC,17,1,www.reddit.comhttps://i.redd.it/zdxse5dc6qb71.jpg
Cursed_jam,TheNaJoKing,Fri Jul 16 13:45:54 2021 UTC,445,3,www.reddit.com/r/cursedcomments/comments/olh5ql/cursed_jam/
cursed_grandpa,_man_of_meme_culture,Fri Jul 16 17:49:01 2021 UTC,207,6,www.reddit.com/r/cursedcomments/comments/olm1rd/cursed_grandpa/
Cursed_nation,YeeButNo,Fri Jul 16 21:57:12 2021 UTC,88,4,www.reddit.com/r/cursedcomments/comments/olr0j9/cursed_nation/
Cursed_Gun,LavaSnow666,Fri Jul 16 15:48:45 2021 UTC,267,1,www.reddit.com/r/cursedcomments/comments/oljjh9/cursed_gun/
Cursed pants,redhoodJasonToddstan,Sat Jul 17 02:46:20 2021 UTC,33,2,www.reddit.com/r/cursedcomments/comments/olvvbn/cursed_pants/
Cursed_album,wilymon,Sat Jul 17 04:22:26 2021 UTC,29,2,www.reddit.com/r/cursedcomments/comments/olxatr/cursed_album/
Cursed meat beating,Operator_Seagull,Sat Jul 17 03:40:09 2021 UTC,31,5,www.reddit.com/r/cursedcomments/comments/olwoyg/cursed_meat_beating/
cursed_crush,Jhingalalaa,Sat Jul 17 03:16:14 2021 UTC,33,4,www.reddit.com/r/cursedcomments/comments/olwbxj/cursed_crush/
Cursed_steve,Tankdeathwall,Fri Jul 16 15:35:05 2021 UTC,261,4,www.reddit.com/r/cursedcomments/comments/olj9ik/cursed_steve/
Cursed bbq,armegeddon6000,Fri Jul 16 19:30:34 2021 UTC,126,2,www.reddit.com/r/cursedcomments/comments/olo5sl/cursed_bbq/
Cursed_Depression,Elver_Ghost,Sat Jul 17 06:06:38 2021 UTC,16,1,www.reddit.com/r/cursedcomments/comments/olyp5x/cursed_depression/
cursed_pokemon,Zencii_,Fri Jul 16 20:43:56 2021 UTC,98,10,www.reddit.com/r/cursedcomments/comments/olpmov/cursed_pokemon/
Cursed girlfriend,Cajka99,Fri Jul 16 16:58:49 2021 UTC,187,6,www.reddit.com/r/cursedcomments/comments/olkzz2/cursed_girlfriend/
Cursed_feeling,amerisredit,Fri Jul 16 23:52:20 2021 UTC,56,1,www.reddit.com/r/cursedcomments/comments/olt4ra/cursed_feeling/
Cursed bar,GreenMan1550,Fri Jul 16 21:26:09 2021 UTC,83,2,www.reddit.com/r/cursedcomments/comments/olqf5w/cursed_bar/
Cursed_sugnomaballs,Haydounosalt,Sat Jul 17 00:40:56 2021 UTC,44,3,www.reddit.com/r/cursedcomments/comments/oltx80/cursed_sugnomaballs/
Cursed_CumSalad,Allanrfoxd2,Sat Jul 17 07:43:48 2021 UTC,16,1,www.reddit.com/r/cursedcomments/comments/olzve0/cursed_cumsalad/
Cursed_Daddy,thepoopyboi,Sat Jul 17 04:33:32 2021 UTC,21,1,www.reddit.com/r/cursedcomments/comments/olxg8p/cursed_daddy/
Cursed_Bone Dance,lolNoOwO,Sat Jul 17 00:46:57 2021 UTC,43,2,www.reddit.com/r/cursedcomments/comments/olu0ld/cursed_bone_dance/
Cursed_recommendation,Lilgamr04,Fri Jul 16 15:23:57 2021 UTC,221,3,www.reddit.com/r/cursedcomments/comments/olj1ci/cursed_recommendation/
Cursed_Guest...,herefortheoofs,Sat Jul 17 01:05:50 2021 UTC,35,4,www.reddit.com/r/cursedcomments/comments/olubce/cursed_guest/
Cursed_netflix,sreeko1,Fri Jul 16 18:45:51 2021 UTC,113,7,www.reddit.com/r/cursedcomments/comments/oln8n5/cursed_netflix/
Cursed orphan,Traditional-Ad-3744,Sat Jul 17 00:15:12 2021 UTC,43,2,www.reddit.com/r/cursedcomments/comments/oltio8/cursed_orphan/
cursed_roast,244643gamer,Sat Jul 17 03:42:29 2021 UTC,25,2,www.reddit.com/r/cursedcomments/comments/olwq5t/cursed_roast/
Cursed store,East_Business_7046,Fri Jul 16 22:24:46 2021 UTC,58,4,www.reddit.com/r/cursedcomments/comments/olrjim/cursed_store/
Cursed Isabelle,No_Yogurtcloset_6720,Sat Jul 17 02:08:34 2021 UTC,28,2,www.reddit.com/r/cursedcomments/comments/olvac7/cursed_isabelle/
Cursed_Escape,SwagLord0666_2,Sat Jul 17 03:25:52 2021 UTC,21,2,www.reddit.com/r/cursedcomments/comments/olwh9w/cursed_escape/
Cursed_cow,Tricky_Preparation_3,Sat Jul 17 00:04:44 2021 UTC,36,11,www.reddit.com/r/cursedcomments/comments/oltcg3/cursed_cow/
Cursed_Veteran,ItsNotCarson_,Sat Jul 17 02:17:29 2021 UTC,25,4,www.reddit.com/r/cursedcomments/comments/olvfi3/cursed_veteran/
Cursed_Harry,RI5ING420,Sat Jul 17 01:27:24 2021 UTC,31,2,www.reddit.com/r/cursedcomments/comments/oluni7/cursed_harry/
Cursed_Bill,natu_24,Fri Jul 16 16:10:31 2021 UTC,157,6,www.reddit.com/r/cursedcomments/comments/oljzcy/cursed_bill/
Cursed_Coffee,AxelRod45,Fri Jul 16 22:46:15 2021 UTC,43,3,www.reddit.com/r/cursedcomments/comments/olry7y/cursed_coffee/
cursed siren,cartoon_Dinosaur,Sat Jul 17 03:53:14 2021 UTC,17,1,www.reddit.com/r/cursedcomments/comments/olwvsi/cursed_siren/
Cursed that,thereadymonkey,Fri Jul 16 20:44:07 2021 UTC,64,3,www.reddit.com/r/cursedcomments/comments/olpmss/cursed_that/
Cursed_Beetles,therealminionsmurf,Fri Jul 16 22:47:28 2021 UTC,44,2,www.reddit.com/r/cursedcomments/comments/olrz0c/cursed_beetles/
cursed_rope,NoLormon,Sat Jul 17 03:23:41 2021 UTC,21,2,www.reddit.com/r/cursedcomments/comments/olwg2g/cursed_rope/
Cursed Mashing,TheSwulk,Fri Jul 16 16:21:42 2021 UTC,142,4,www.reddit.com/r/cursedcomments/comments/olk7w7/cursed_mashing/
Cursed_Lock_Picking_lawyer,justadogwithaphone,Fri Jul 16 22:53:22 2021 UTC,40,1,www.reddit.com/r/cursedcomments/comments/ols39q/cursed_lock_picking_lawyer/
Cursed_company,YaboiGh0styy,Fri Jul 16 16:15:42 2021 UTC,133,13,www.reddit.com/r/cursedcomments/comments/olk3eh/cursed_company/
Cursed_vore,Pentaxpictures,Fri Jul 16 11:31:45 2021 UTC,316,19,www.reddit.com/r/cursedcomments/comments/olf1e3/cursed_vore/
Cursed_fruit,vanillasnovv,Fri Jul 16 20:19:22 2021 UTC,66,3,www.reddit.com/r/cursedcomments/comments/olp56k/cursed_fruit/
Cursed Controller,gotbaned_thisismyalt,Fri Jul 16 23:25:25 2021 UTC,36,9,www.reddit.com/r/cursedcomments/comments/olso3y/cursed_controller/
Cursed_Thoughts,screamingtree123,Sat Jul 17 02:41:36 2021 UTC,18,3,www.reddit.com/r/cursedcomments/comments/olvssv/cursed_thoughts/
Cursed_car_HUD,zenchowder24,Sat Jul 17 03:36:31 2021 UTC,17,1,www.reddit.com/r/cursedcomments/comments/olwmxy/cursed_car_hud/
cursed_Rimworld,TheHonestModerator,Sat Jul 17 00:02:56 2021 UTC,29,1,www.reddit.com/r/cursedcomments/comments/oltbc3/cursed_rimworld/
Cursed drink,SnipingPro,Fri Jul 16 16:11:31 2021 UTC,122,4,www.reddit.com/r/cursedcomments/comments/olk09s/cursed_drink/
Cursed snack (click for comment),Elegant_Student_2569,Sat Jul 17 03:14:00 2021 UTC,19,2,www.reddit.com/r/cursedcomments/comments/olwaom/cursed_snack_click_for_comment/
cursed_milestone,ySpring_,Fri Jul 16 20:11:29 2021 UTC,57,4,www.reddit.com/r/cursedcomments/comments/olozp5/cursed_milestone/
Cursed_Cone,SanekSez,Thu Jul 15 22:41:20 2021 UTC,5411,140,www.reddit.com/r/cursedcomments/comments/ol3r6a/cursed_cone/
Cursed response,lolguy2607,Fri Jul 16 16:47:37 2021 UTC,103,2,www.reddit.com/r/cursedcomments/comments/olkrb7/cursed_response/
Cursed Mix,MyCatHatesMe96,Sat Jul 17 03:34:46 2021 UTC,14,7,www.reddit.com/r/cursedcomments/comments/olwlyv/cursed_mix/
cursed area unlocking,Bee2113,Thu Jul 15 21:25:28 2021 UTC,9201,94,www.reddit.com/r/cursedcomments/comments/ol2c5r/cursed_area_unlocking/
Cursed_Koolaid,Ventro_Jven,Sat Jul 17 01:14:25 2021 UTC,22,1,www.reddit.com/r/cursedcomments/comments/olug0l/cursed_koolaid/
Cursed_Mumbo_Jumbo,The_Diamond_Llama_YT,Fri Jul 16 14:50:26 2021 UTC,139,11,www.reddit.com/r/cursedcomments/comments/olid5e/cursed_mumbo_jumbo/
Cursed_Music,FN57IsntFrench,Sat Jul 17 01:12:57 2021 UTC,21,2,www.reddit.com/r/cursedcomments/comments/oluf8f/cursed_music/
Cursed we wo noises,ZaworldoTokioTamare,Fri Jul 16 21:59:33 2021 UTC,37,1,www.reddit.com/r/cursedcomments/comments/olr21a/cursed_we_wo_noises/
Cursed_TV,CherryCokeZero69,Fri Jul 16 06:19:58 2021 UTC,645,8,www.reddit.com/r/cursedcomments/comments/olb2t2/cursed_tv/
cursed foreskin,limitless_masochism,Fri Jul 16 12:46:15 2021 UTC,190,9,www.reddit.com/r/cursedcomments/comments/olg64f/cursed_foreskin/
Cursed_Mcdonalds,TristanJSmith2,Thu Jul 15 19:01:34 2021 UTC,21.1k,195,www.reddit.com/r/cursedcomments/comments/okzhct/cursed_mcdonalds/
Cursed nudes.,i_am_hamza_,Fri Jul 16 10:06:13 2021 UTC,316,9,www.reddit.com/r/cursedcomments/comments/oldw6w/cursed_nudes/
cursed_nuts,iNOscoped-JFK,Sat Jul 17 01:16:26 2021 UTC,22,2,www.reddit.com/r/cursedcomments/comments/oluh7d/cursed_nuts/
Cursed_Dissection,ItsYaBoi_J,Sat Jul 17 03:44:00 2021 UTC,14,1,www.reddit.com/r/cursedcomments/comments/olwqy0/cursed_dissection/
Cursed_jerk,FinalFrost13,Fri Jul 16 16:02:55 2021 UTC,101,3,www.reddit.com/r/cursedcomments/comments/oljtn4/cursed_jerk/
Cursed_Apartheid,shadowbanna,Sat Jul 17 04:00:59 2021 UTC,11,1,www.reddit.comhttps://i.redd.it/1icaflppllb71.jpg
Cursed_French,nick-gear,Fri Jul 16 23:23:05 2021 UTC,25,2,www.reddit.com/r/cursedcomments/comments/olsmpq/cursed_french/
Cursed_Diarrhea,Pickles_WithBenefits,Fri Jul 16 19:38:39 2021 UTC,51,6,www.reddit.com/r/cursedcomments/comments/olobk9/cursed_diarrhea/
cursed discord,Vladimir_Pudding387,Sat Jul 17 01:29:26 2021 UTC,17,1,www.reddit.com/r/cursedcomments/comments/oluom6/cursed_discord/
Cursed barbershop,Better__name,Fri Jul 16 21:28:44 2021 UTC,36,1,www.reddit.comhttps://i.imgur.com/5NPxP2b.jpg
Cursed_Pillow war,ttv_ddavidel,Fri Jul 16 22:16:07 2021 UTC,28,3,www.reddit.com/r/cursedcomments/comments/olrdr0/cursed_pillow_war/
Cursed animal,ChickenGod1109,Fri Jul 16 22:48:43 2021 UTC,25,8,www.reddit.com/r/cursedcomments/comments/olrztq/cursed_animal/
Cursed_Pineapple,Mysticisacoolkid,Fri Jul 16 17:07:11 2021 UTC,72,13,www.reddit.com/r/cursedcomments/comments/oll6ct/cursed_pineapple/
Cursed fishf**kers,KNOXCRYPTO,Sat Jul 17 03:34:47 2021 UTC,13,2,www.reddit.com/r/cursedcomments/comments/olwlz9/cursed_fishfkers/
Cursed_socks,wutumeanittaken,Fri Jul 16 22:15:57 2021 UTC,27,2,www.reddit.com/r/cursedcomments/comments/olrdn8/cursed_socks/
Cursed_magikarp,StoneageRomeo,Fri Jul 16 21:41:25 2021 UTC,26,2,www.reddit.com/r/cursedcomments/comments/olqpic/cursed_magikarp/
Cursed_Big bang,Mr_No_ON,Fri Jul 16 22:29:54 2021 UTC,23,6,www.reddit.com/r/cursedcomments/comments/olrn7r/cursed_big_bang/
Cursed_beating,chinmaydagod,Fri Jul 16 17:14:31 2021 UTC,65,1,www.reddit.comhttps://i.imgur.com/9BPb59G.jpg
Cursed_Deleting_Dokis,Hashira64,Sat Jul 17 05:42:55 2021 UTC,7,2,www.reddit.com/r/cursedcomments/comments/olydvt/cursed_deleting_dokis/
Cursed_Steve,Cs4bsz,Fri Jul 16 18:21:49 2021 UTC,46,1,www.reddit.com/r/cursedcomments/comments/olmqo4/cursed_steve/
Cursed bible,Believen_me_0513,Fri Jul 16 14:56:29 2021 UTC,85,2,www.reddit.com/r/cursedcomments/comments/olihbl/cursed_bible/
Cursed ngl,Own-Opportunity-5870,Fri Jul 16 12:00:26 2021 UTC,147,4,www.reddit.com/r/cursedcomments/comments/olfgmp/cursed_ngl/
Cursed_context,IntensiveMantis,Fri Jul 16 22:46:13 2021 UTC,19,1,www.reddit.com/r/cursedcomments/comments/olry79/cursed_context/
Cursed_remains,MemeByMe,Fri Jul 16 12:20:04 2021 UTC,139,2,www.reddit.com/r/cursedcomments/comments/olfra2/cursed_remains/
cursed_love,MoLP5776,Fri Jul 16 17:50:02 2021 UTC,54,7,www.reddit.com/r/cursedcomments/comments/olm2h1/cursed_love/
Cursed_fap,Bigbuck1079,Fri Jul 16 22:47:10 2021 UTC,22,2,www.reddit.com/r/cursedcomments/comments/olrysl/cursed_fap/
Cursed_hamster,Urmomissofatthat,Fri Jul 16 20:05:45 2021 UTC,32,3,www.reddit.com/r/cursedcomments/comments/olovcd/cursed_hamster/
Cursed_girlfriend,Tear_Lonely,Fri Jul 16 15:22:10 2021 UTC,74,2,www.reddit.com/r/cursedcomments/comments/olj022/cursed_girlfriend/
Cursed_Chocolate,puffiefishy,Sat Jul 17 01:40:33 2021 UTC,11,1,www.reddit.com/r/cursedcomments/comments/oluuta/cursed_chocolate/
Cursed_UncleDave,BandaWithBakchodi,Fri Jul 16 07:13:43 2021 UTC,319,8,www.reddit.com/r/cursedcomments/comments/olbre7/cursed_uncledave/
Cursed_leap frog,chinmaysharma1230,Fri Jul 16 09:49:19 2021 UTC,200,9,www.reddit.com/r/cursedcomments/comments/oldocr/cursed_leap_frog/
Cursed_Pig,GachaEeveeOffical,Fri Jul 16 20:50:25 2021 UTC,27,3,www.reddit.com/r/cursedcomments/comments/olpr1z/cursed_pig/
Cursed_poop,Fart_fucker69,Fri Jul 16 18:25:39 2021 UTC,40,4,www.reddit.com/r/cursedcomments/comments/olmtlk/cursed_poop/
Cursed Phineas and Ferb,hellobanan,Fri Jul 16 14:36:25 2021 UTC,84,4,www.reddit.com/r/cursedcomments/comments/oli3fu/cursed_phineas_and_ferb/
Cursed_caption,TheAveragePP,Fri Jul 16 15:48:09 2021 UTC,64,5,www.reddit.com/r/cursedcomments/comments/oljj2e/cursed_caption/
Cursed_tacobell,TheJWeed,Fri Jul 16 21:30:10 2021 UTC,24,1,www.reddit.com/r/cursedcomments/comments/olqhsu/cursed_tacobell/
Cursed_company,trollblox_,Fri Jul 16 14:04:42 2021 UTC,85,9,www.reddit.com/r/cursedcomments/comments/olhi5n/cursed_company/
Cursed_ meaning of Monster,tanguyguy,Fri Jul 16 20:18:07 2021 UTC,29,1,www.reddit.com/r/cursedcomments/comments/olp4bz/cursed_meaning_of_monster/
Cursed_suicide,YamaTheYeet,Fri Jul 16 19:51:16 2021 UTC,33,2,www.reddit.com/r/cursedcomments/comments/olokx4/cursed_suicide/
Cursed question mark,boki_1506,Fri Jul 16 07:12:46 2021 UTC,293,8,www.reddit.com/r/cursedcomments/comments/olbqxt/cursed_question_mark/
Cursed_snowman,iFlexWithMyVbucks,Fri Jul 16 15:59:35 2021 UTC,56,2,www.reddit.com/r/cursedcomments/comments/oljqzh/cursed_snowman/
Cursed_cooking,DawCraftPL,Fri Jul 16 18:44:25 2021 UTC,34,2,www.reddit.com/r/cursedcomments/comments/oln7g6/cursed_cooking/
cursed_nestfisting,gheddafimuammar,Sat Jul 17 00:18:24 2021 UTC,13,1,www.reddit.com/r/cursedcomments/comments/oltkgt/cursed_nestfisting/
cursed gf,_shrly,Fri Jul 16 10:28:04 2021 UTC,148,3,www.reddit.com/r/cursedcomments/comments/ole63h/cursed_gf/
Cursed Necrophilia,MissusWeaver,Fri Jul 16 06:32:21 2021 UTC,307,13,www.reddit.com/r/cursedcomments/comments/olb8ga/cursed_necrophilia/
Cursed Autoclicker,Z_L0G1C,Fri Jul 16 04:38:52 2021 UTC,432,14,www.reddit.comhttps://i.redd.it/q5m1kfqjsdb71.jpg
Cursed_Religion,Qualchepersonadimerd,Fri Jul 16 17:07:09 2021 UTC,45,4,www.reddit.com/r/cursedcomments/comments/oll6bx/cursed_religion/
Cursed Bad Batch,Kaelorengaming,Fri Jul 16 22:47:22 2021 UTC,17,2,www.reddit.com/r/cursedcomments/comments/olryxi/cursed_bad_batch/
Cursed ankle,Curly_Fries69,Fri Jul 16 16:06:27 2021 UTC,52,4,www.reddit.com/r/cursedcomments/comments/oljwbt/cursed_ankle/
cursed_misspelling,OhItsDazzy,Fri Jul 16 19:40:11 2021 UTC,28,5,www.reddit.com/r/cursedcomments/comments/olocla/cursed_misspelling/
Cursed_chocolate,piccolo_memer_vola,Fri Jul 16 17:21:11 2021 UTC,40,4,www.reddit.com/r/cursedcomments/comments/ollgzs/cursed_chocolate/
Cursed_game,wizarq,Fri Jul 16 10:40:06 2021 UTC,132,7,www.reddit.com/r/cursedcomments/comments/olebf9/cursed_game/
Cursed_worms,AMarvelFan717,Thu Jul 15 16:43:17 2021 UTC,8979,30,www.reddit.com/r/cursedcomments/comments/okwo5p/cursed_worms/
Cursed_well when you put it that way....,UmakeBunnyCry_419,Fri Jul 16 20:31:51 2021 UTC,22,3,www.reddit.com/r/cursedcomments/comments/olpe8l/cursed_well_when_you_put_it_that_way/
Cursed_commentception,OrdinaryBallowski2,Fri Jul 16 06:11:01 2021 UTC,291,12,www.reddit.com/r/cursedcomments/comments/olaylw/cursed_commentception/
cursed_Tom Cruise,TraditionalCustard19,Fri Jul 16 21:52:36 2021 UTC,17,2,www.reddit.com/r/cursedcomments/comments/olqxg0/cursed_tom_cruise/
Cursed_robbery,Barterallen3000,Fri Jul 16 14:28:54 2021 UTC,61,1,www.reddit.com/r/cursedcomments/comments/olhy70/cursed_robbery/
Cursed subway,deZ169,Fri Jul 16 04:54:12 2021 UTC,356,10,www.reddit.com/r/cursedcomments/comments/ol9wgp/cursed_subway/
cursed_size,Deadpool-CB23,Fri Jul 16 15:19:45 2021 UTC,54,1,www.reddit.com/r/cursedcomments/comments/oliybl/cursed_size/
Cursed shirt,jejujbbs,Thu Jul 15 15:20:28 2021 UTC,12.4k,54,www.reddit.com/r/cursedcomments/comments/okuzv6/cursed_shirt/
Cursed_Straw,DDay120,Fri Jul 16 17:27:02 2021 UTC,37,3,www.reddit.com/r/cursedcomments/comments/olll6s/cursed_straw/
cursed_boyfriend,SimpYmirFritz,Thu Jul 15 23:01:25 2021 UTC,1054,11,www.reddit.com/r/cursedcomments/comments/ol440n/cursed_boyfriend/
Cursed_imaginingdragons,Justanotherfailore,Fri Jul 16 13:31:59 2021 UTC,68,1,www.reddit.com/r/cursedcomments/comments/olgxcp/cursed_imaginingdragons/
Cursed_lol,Danny_Tamberelli,Fri Jul 16 15:23:52 2021 UTC,48,2,www.reddit.com/r/cursedcomments/comments/olj1ag/cursed_lol/
Cursed_rap,ilikewaffles36843,Fri Jul 16 17:56:31 2021 UTC,28,4,www.reddit.com/r/cursedcomments/comments/olm7aq/cursed_rap/
Cursed_paris,Maddyx_Mancuso,Fri Jul 16 05:46:15 2021 UTC,283,2,www.reddit.com/r/cursedcomments/comments/olamkr/cursed_paris/
Cursed_jam,GTSE2005,Fri Jul 16 15:27:09 2021 UTC,49,5,www.reddit.com/r/cursedcomments/comments/olj3o2/cursed_jam/
cursed_object,epicgamersucc,Fri Jul 16 07:21:25 2021 UTC,207,1,www.reddit.com/r/cursedcomments/comments/olbuzr/cursed_object/
Cursed Cornflakes,Shadowfury45,Fri Jul 16 13:57:26 2021 UTC,64,2,www.reddit.com/r/cursedcomments/comments/olhczs/cursed_cornflakes/
Cursed_nut,Impossible-Wear-7508,Fri Jul 16 15:22:35 2021 UTC,46,2,www.reddit.com/r/cursedcomments/comments/olj0cx/cursed_nut/
Cursed Illuminati Confirmed meme,Preston_Ak,Fri Jul 16 15:14:38 2021 UTC,44,2,www.reddit.com/r/cursedcomments/comments/oliukb/cursed_illuminati_confirmed_meme/
Cursed_Anything,TobitosDoritos,Fri Jul 16 12:14:09 2021 UTC,77,6,www.reddit.com/r/cursedcomments/comments/olfo2z/cursed_anything/
Cursed_intro,timotimohaha,Fri Jul 16 17:40:48 2021 UTC,30,4,www.reddit.com/r/cursedcomments/comments/ollvba/cursed_intro/
Cursed_Girlfriend,maxpayne7799,Fri Jul 16 16:14:32 2021 UTC,40,1,www.reddit.com/r/cursedcomments/comments/olk2hs/cursed_girlfriend/
Cursed_Enough internet for today ig,URdailyfren,Fri Jul 16 16:10:20 2021 UTC,38,10,www.reddit.com/r/cursedcomments/comments/oljz68/cursed_enough_internet_for_today_ig/
Cursed Cone,khatrisubash069,Fri Jul 16 13:27:37 2021 UTC,58,6,www.reddit.com/r/cursedcomments/comments/olgux4/cursed_cone/
Cursed_:(,ShootTheHorse,Fri Jul 16 00:55:39 2021 UTC,596,74,www.reddit.com/r/cursedcomments/comments/ol62s1/cursed/
Cursed_username,RetroError404,Fri Jul 16 18:46:57 2021 UTC,24,6,www.reddit.com/r/cursedcomments/comments/oln9pn/cursed_username/
cursed_legos,JustARandomChonker,Fri Jul 16 21:11:04 2021 UTC,14,2,www.reddit.com/r/cursedcomments/comments/olq552/cursed_legos/
Cursed_buff_luigi,hilyexplosivechicken,Fri Jul 16 19:14:18 2021 UTC,22,2,www.reddit.com/r/cursedcomments/comments/olnts7/cursed_buff_luigi/
Cursed dominance,cow_fucker_3000,Fri Jul 16 13:06:46 2021 UTC,62,7,www.reddit.com/r/cursedcomments/comments/olgi9i/cursed_dominance/
Cursed priorities,jesus_hentai-christ,Fri Jul 16 13:57:38 2021 UTC,54,6,www.reddit.com/r/cursedcomments/comments/olhd50/cursed_priorities/
cursed_thermalpaste,CrYTGaming,Fri Jul 16 15:15:11 2021 UTC,43,3,www.reddit.com/r/cursedcomments/comments/oliuxu/cursed_thermalpaste/
Cursed_Minion,Sir_Flynn_the_first,Fri Jul 16 17:34:36 2021 UTC,25,2,www.reddit.com/r/cursedcomments/comments/ollqvx/cursed_minion/
Cursed incest,Retarded-Pickle,Fri Jul 16 16:06:23 2021 UTC,36,5,www.reddit.com/r/cursedcomments/comments/oljwa2/cursed_incest/
Cursed_chocolate,crabcalledpepe,Fri Jul 16 14:17:28 2021 UTC,49,15,www.reddit.com/r/cursedcomments/comments/olhqlt/cursed_chocolate/
cursed_minions,shoeswontwork,Fri Jul 16 17:15:26 2021 UTC,29,2,www.reddit.com/r/cursedcomments/comments/ollcmg/cursed_minions/
Cursed_eevee,Steppyjim,Fri Jul 16 20:23:42 2021 UTC,17,1,www.reddit.com/r/cursedcomments/comments/olp84i/cursed_eevee/
Cursed_ Gandhi was assassinated by a guy named Godse,pappuGAMMER,Fri Jul 16 12:46:08 2021 UTC,60,6,www.reddit.com/r/cursedcomments/comments/olg621/cursed_gandhi_was_assassinated_by_a_guy_named/
Cursed_death,UhnoYesmaybe,Fri Jul 16 16:06:25 2021 UTC,32,4,www.reddit.com/r/cursedcomments/comments/oljwb6/cursed_death/
cursed_advice,dj_ordje,Fri Jul 16 12:18:39 2021 UTC,63,4,www.reddit.com/r/cursedcomments/comments/olfqh3/cursed_advice/
Cursed_confession,CarmichaelDaFish,Fri Jul 16 23:22:49 2021 UTC,7,4,www.reddit.com/r/cursedcomments/comments/olsmkg/cursed_confession/
Cursed dating,ZZZZOON,Thu Jul 15 15:21:05 2021 UTC,4795,59,www.reddit.com/r/cursedcomments/comments/okv0b6/cursed_dating/
Cursed_C A T,Alfster620,Fri Jul 16 06:53:29 2021 UTC,166,6,www.reddit.com/r/cursedcomments/comments/olbi2p/cursed_c_a_t/
Cursed_softness,Sockular,Thu Jul 15 22:34:48 2021 UTC,763,8,www.reddit.com/r/cursedcomments/comments/ol3mxt/cursed_softness/
Cursed_steve,playernoobr45,Fri Jul 16 16:19:02 2021 UTC,29,2,www.reddit.com/r/cursedcomments/comments/olk5z0/cursed_steve/
Cursed username,ChickenGod1109,Fri Jul 16 00:54:13 2021 UTC,465,52,www.reddit.com/r/cursedcomments/comments/ol61vw/cursed_username/
Cursed_snake,ComedorDeAdm,Fri Jul 16 15:26:50 2021 UTC,31,3,www.reddit.com/r/cursedcomments/comments/olj3fe/cursed_snake/
cursed_chewbacca,JIMrev,Fri Jul 16 14:27:27 2021 UTC,40,1,www.reddit.com/r/cursedcomments/comments/olhx95/cursed_chewbacca/
cursed introvert,freblesom,Fri Jul 16 13:37:00 2021 UTC,44,3,www.reddit.com/r/cursedcomments/comments/olh0bd/cursed_introvert/
Cursed_ mia,i_fuck_u3000,Fri Jul 16 15:17:02 2021 UTC,33,6,www.reddit.com/r/cursedcomments/comments/oliwbh/cursed_mia/
Cursed GrandDad,Heisenberg0821,Fri Jul 16 15:13:11 2021 UTC,33,2,www.reddit.com/r/cursedcomments/comments/olitgt/cursed_granddad/
cursed_bunny,augustvoid,Fri Jul 16 13:31:10 2021 UTC,43,3,www.reddit.com/r/cursedcomments/comments/olgwwg/cursed_bunny/
Cursed_basement,QuantumGamer99,Fri Jul 16 14:54:15 2021 UTC,34,3,www.reddit.com/r/cursedcomments/comments/olifq5/cursed_basement/
Cursed_joints,theponch82,Fri Jul 16 18:55:21 2021 UTC,16,3,www.reddit.com/r/cursedcomments/comments/olnfk9/cursed_joints/
Cursed_poop,Sad_Rice1690,Thu Jul 15 13:58:05 2021 UTC,5879,65,www.reddit.com/r/cursedcomments/comments/okte01/cursed_poop/
Cursed_Blackmailer,Rein_I,Fri Jul 16 14:11:56 2021 UTC,35,2,www.reddit.comhttps://i.redd.it/044p6au01lb71.jpg
Cursed_rug,timotimohaha,Thu Jul 15 09:53:41 2021 UTC,30.7k,79,www.reddit.com/r/cursedcomments/comments/okpnid/cursed_rug/
Cursed ben ten,chechebi88,Fri Jul 16 14:58:54 2021 UTC,31,2,www.reddit.com/r/cursedcomments/comments/oliizd/cursed_ben_ten/
Cursed_name,iamprobablygay,Thu Jul 15 12:44:31 2021 UTC,10.2k,527,www.reddit.com/r/cursedcomments/comments/oks34c/cursed_name/
Cursed_suicide,mischloupsleprout,Thu Jul 15 20:18:57 2021 UTC,912,31,www.reddit.com/r/cursedcomments/comments/ol10ul/cursed_suicide/
Cursed_soup,Jackstarr10,Fri Jul 16 02:03:08 2021 UTC,308,6,www.reddit.com/r/cursedcomments/comments/ol76wo/cursed_soup/
Cursed_Elephant,HelloThereBoi66,Fri Jul 16 11:25:49 2021 UTC,51,4,www.reddit.com/r/cursedcomments/comments/oley7n/cursed_elephant/
Cursed_Jam,Respect_TheChief,Fri Jul 16 14:55:03 2021 UTC,29,1,www.reddit.com/r/cursedcomments/comments/oligae/cursed_jam/
Cursed_ Uncle Dave,xGryzly,Fri Jul 16 09:07:49 2021 UTC,81,2,www.reddit.com/r/cursedcomments/comments/old5wd/cursed_uncle_dave/
cursed_lifesaver,I_Like_Books_To_Read,Fri Jul 16 15:04:59 2021 UTC,27,2,www.reddit.com/r/cursedcomments/comments/olinli/cursed_lifesaver/
Cursed crisp,Eat_Me_Now7,Fri Jul 16 14:24:21 2021 UTC,32,3,www.reddit.com/r/cursedcomments/comments/olhv6x/cursed_crisp/
Cursed blackmailing,patrykuseu,Fri Jul 16 10:47:09 2021 UTC,58,1,www.reddit.com/r/cursedcomments/comments/oleepx/cursed_blackmailing/
Cursed chalice,ItsGabeTho,Fri Jul 16 16:47:59 2021 UTC,22,1,www.reddit.com/r/cursedcomments/comments/olkrkz/cursed_chalice/
Cursed thumbnail,SnooDonkeys553,Fri Jul 16 21:53:37 2021 UTC,9,1,www.reddit.com/r/cursedcomments/comments/olqy53/cursed_thumbnail/
Cursed_friend,leviblaze13,Fri Jul 16 14:53:44 2021 UTC,27,1,www.reddit.com/r/cursedcomments/comments/olifc8/cursed_friend/
Cursed mouth,Spountur_XYZ,Fri Jul 16 12:18:34 2021 UTC,41,2,www.reddit.com/r/cursedcomments/comments/olfqfn/cursed_mouth/
Cursed_Awhhhh no,URdailyfren,Fri Jul 16 13:19:01 2021 UTC,35,3,www.reddit.com/r/cursedcomments/comments/olgpij/cursed_awhhhh_no/
Cursed_credit_card,doctor_marvel,Fri Jul 16 09:43:47 2021 UTC,63,4,www.reddit.com/r/cursedcomments/comments/oldm02/cursed_credit_card/
Cursed Squirrels,T4Nx1L,Thu Jul 15 12:13:44 2021 UTC,5492,23,www.reddit.com/r/cursedcomments/comments/okrlbx/cursed_squirrels/
Cursed_amethyst,selfpityandmud,Fri Jul 16 06:21:25 2021 UTC,116,3,www.reddit.com/r/cursedcomments/comments/olb3gu/cursed_amethyst/
Cursed german,jesus_hentai-christ,Fri Jul 16 14:53:26 2021 UTC,25,1,www.reddit.com/r/cursedcomments/comments/olif55/cursed_german/
cursed_dogs,jnnxde,Fri Jul 16 12:00:43 2021 UTC,39,1,www.reddit.comhttps://i.imgur.com/krxslI3.jpg
Cursed relationship,-Agant-47-,Fri Jul 16 11:58:29 2021 UTC,40,2,www.reddit.com/r/cursedcomments/comments/olffdm/cursed_relationship/
Cursed_guys,Top-Adhesiveness2028,Fri Jul 16 11:05:20 2021 UTC,42,6,www.reddit.com/r/cursedcomments/comments/olentx/cursed_guys/
Cursed jam,CanadianBeaver1983,Fri Jul 16 14:19:13 2021 UTC,25,3,www.reddit.com/r/cursedcomments/comments/olhrr1/cursed_jam/
Cursed_AssCheeks,Purjosipuli666,Thu Jul 15 22:02:38 2021 UTC,462,5,www.reddit.com/r/cursedcomments/comments/ol31r1/cursed_asscheeks/
Cursed_Grandma,Harper-Volk,Fri Jul 16 08:16:15 2021 UTC,69,1,www.reddit.com/r/cursedcomments/comments/olcj67/cursed_grandma/
cursed teddy bear,Vauide,Fri Jul 16 05:20:26 2021 UTC,116,8,www.reddit.com/r/cursedcomments/comments/ola9yf/cursed_teddy_bear/
Cursed_vacinaition,Owmit13,Fri Jul 16 02:01:35 2021 UTC,208,4,www.reddit.com/r/cursedcomments/comments/ol760c/cursed_vacinaition/
cursed_movie,akshajgamingYT,Fri Jul 16 13:01:23 2021 UTC,27,1,www.reddit.com/r/cursedcomments/comments/olgf57/cursed_movie/
cursed_bitlife,FCULTIMATEYT,Fri Jul 16 14:36:39 2021 UTC,21,2,www.reddit.com/r/cursedcomments/comments/oli3ls/cursed_bitlife/
Cursed_puppet,ObiWanKernobi14,Fri Jul 16 11:27:30 2021 UTC,38,2,www.reddit.com/r/cursedcomments/comments/olez2j/cursed_puppet/
Cursed_Chocolate,Axolotl_Yeet1,Fri Jul 16 14:05:24 2021 UTC,21,6,www.reddit.com/r/cursedcomments/comments/olhimz/cursed_chocolate/
Cursed_Chocolate,Thedeathoftheworld,Fri Jul 16 14:48:08 2021 UTC,19,2,www.reddit.com/r/cursedcomments/comments/olibip/cursed_chocolate/
Cursed_chocolate,Anonymous-nerd0,Fri Jul 16 16:32:08 2021 UTC,14,3,www.reddit.com/r/cursedcomments/comments/olkfzm/cursed_chocolate/
Cursed rapper,Mirvuuson,Fri Jul 16 17:56:22 2021 UTC,12,6,www.reddit.com/r/cursedcomments/comments/olm76s/cursed_rapper/
cursed_wank,khushp7,Fri Jul 16 13:00:27 2021 UTC,24,3,www.reddit.com/r/cursedcomments/comments/olgedw/cursed_wank/
Cursed_kink,LizardMonsterMan200,Fri Jul 16 15:32:20 2021 UTC,16,2,www.reddit.com/r/cursedcomments/comments/olj7jc/cursed_kink/
Cursed_paper,justus098,Fri Jul 16 14:51:23 2021 UTC,18,2,www.reddit.com/r/cursedcomments/comments/olidsj/cursed_paper/
cursed orphan,sadboiyyi,Thu Jul 15 14:48:17 2021 UTC,1530,60,www.reddit.com/r/cursedcomments/comments/okuc7u/cursed_orphan/
Cursed_Age,Clegend24,Fri Jul 16 04:13:53 2021 UTC,122,6,www.reddit.com/r/cursedcomments/comments/ol9ajm/cursed_age/
Cursed_chocolate,BinLadensHardDrive,Fri Jul 16 16:09:16 2021 UTC,16,1,www.reddit.com/r/cursedcomments/comments/oljyda/cursed_chocolate/
cursed_jam,LolFatneek69,Fri Jul 16 13:01:32 2021 UTC,25,2,www.reddit.com/r/cursedcomments/comments/olgf94/cursed_jam/
Cursed_keyboard,lukeypook123,Fri Jul 16 10:26:35 2021 UTC,39,2,www.reddit.com/r/cursedcomments/comments/ole5fy/cursed_keyboard/
Cursed_dog,ilikewaffles36843,Fri Jul 16 12:02:51 2021 UTC,31,1,www.reddit.com/r/cursedcomments/comments/olfhy0/cursed_dog/
cursed kittity,RZ140536,Fri Jul 16 14:52:56 2021 UTC,19,3,www.reddit.com/r/cursedcomments/comments/oliest/cursed_kittity/
cursed nike,pinkmochaa,Thu Jul 15 20:18:48 2021 UTC,497,8,www.reddit.com/r/cursedcomments/comments/ol10qw/cursed_nike/
cursed_he_identifies_as_a_cow,Salsal_Azar,Fri Jul 16 08:54:38 2021 UTC,51,5,www.reddit.com/r/cursedcomments/comments/olczvl/cursed_he_identifies_as_a_cow/
Cursed_Turtle,Minidrees,Fri Jul 16 12:23:48 2021 UTC,26,1,www.reddit.com/r/cursedcomments/comments/olftbj/cursed_turtle/
Cursed_Turtle Eggs,LiLT13-_-,Fri Jul 16 07:01:18 2021 UTC,68,5,www.reddit.com/r/cursedcomments/comments/olblox/cursed_turtle_eggs/
Cursed chocolate,oinoj,Fri Jul 16 14:47:08 2021 UTC,17,1,www.reddit.com/r/cursedcomments/comments/oliasw/cursed_chocolate/
cursed_junk,Sunnysideofthelake,Fri Jul 16 12:33:41 2021 UTC,26,1,www.reddit.com/r/cursedcomments/comments/olfyv8/cursed_junk/
Cursed_poop,_pupotto,Fri Jul 16 08:01:32 2021 UTC,56,2,www.reddit.comhttps://i.redd.it/h01gjqyk7jb71.jpg
cursed Joseph,anonymous4264,Fri Jul 16 12:16:50 2021 UTC,27,3,www.reddit.comhttps://i.redd.it/3dzn2jb4hkb71.jpg
Cursed_Sleep,jaypatel9120,Fri Jul 16 10:36:33 2021 UTC,38,1,www.reddit.comhttps://i.redd.it/5xjnmgn8zjb71.jpg
Cursed_Points,adue_,Fri Jul 16 11:50:29 2021 UTC,26,1,www.reddit.comhttps://i.redd.it/70bkawefckb71.jpg
Cursed chocolate,zayyanzaya,Fri Jul 16 14:13:27 2021 UTC,17,2,www.reddit.comhttps://i.redd.it/r2h1g3jx1lb71.jpg
Cursed_smartlights,Kndam5,Fri Jul 16 12:27:03 2021 UTC,22,1,www.reddit.comhttps://i.redd.it/htjk75cyikb71.jpg
Cursed_Fap,TheSlyFox42069,Fri Jul 16 06:08:39 2021 UTC,73,6,www.reddit.comhttps://i.redd.it/z3vrfxwfnib71.jpg
Cursed_mermaid,BassSki,Fri Jul 16 13:20:51 2021 UTC,19,4,www.reddit.comhttps://i.redd.it/it110hhjskb71.jpg
cursed_wholesomeness,CM32MAker,Fri Jul 16 11:59:35 2021 UTC,23,4,www.reddit.comhttps://i.redd.it/mnfluqx1ekb71.jpg
Cursed_recipe,Xx_Splatoon_Gamer_xX,Fri Jul 16 13:50:25 2021 UTC,18,3,www.reddit.comhttps://i.redd.it/ypjdststxkb71.png
Cursed John Terry,2ndr0,Fri Jul 16 10:25:10 2021 UTC,31,1,www.reddit.comhttps://i.imgur.com/ZFNzGst.jpg
cursed_deer,itsPavllo,Fri Jul 16 15:50:46 2021 UTC,13,1,www.reddit.comhttps://i.redd.it/wf4kqopajlb71.jpg
Cursed_Youth,Newe6000,Fri Jul 16 13:08:18 2021 UTC,20,1,www.reddit.comhttps://i.redd.it/8hrubr27qkb71.png
Cursed_Poland,general_452,Thu Jul 15 18:20:27 2021 UTC,583,9,www.reddit.comhttps://i.redd.it/r8op60a35fb71.jpg
Cursed_chocolate,Chris98_f,Fri Jul 16 13:23:50 2021 UTC,19,4,www.reddit.comhttps://i.redd.it/ud16s4z2tkb71.jpg
Cursed_method,theUnholyVenom,Thu Jul 15 21:14:39 2021 UTC,331,26,www.reddit.comhttps://i.redd.it/50behv660gb71.jpg
Cursed Crunch,Redooting2003,Fri Jul 16 07:33:34 2021 UTC,51,2,www.reddit.comhttps://i.redd.it/2nsqapcl2jb71.jpg
Cursed_911_Save,FlaviusGustivus,Fri Jul 16 04:55:26 2021 UTC,82,1,www.reddit.comhttps://i.redd.it/vu8go2r5aib71.jpg
Cursed_soul,Hollow-Zelus,Fri Jul 16 13:03:14 2021 UTC,19,1,www.reddit.comhttps://i.redd.it/8f2jmspepkb71.jpg
Cursed_meme,FeZTi_VAL,Fri Jul 16 09:29:43 2021 UTC,34,1,www.reddit.comhttps://i.redd.it/wfh2n67bnjb71.jpg
Cursed_chocolatier,dj_menyo,Fri Jul 16 11:59:59 2021 UTC,21,1,www.reddit.comhttps://i.redd.it/6ep9i7j4ekb71.jpg
Cursed_Eardrums,NekoSaiyajin,Fri Jul 16 07:30:09 2021 UTC,47,3,www.reddit.comhttps://i.redd.it/fi6zptdz1jb71.jpg
Cursed sperm,yellowliz4rd,Fri Jul 16 05:00:29 2021 UTC,74,4,www.reddit.comhttps://i.redd.it/n5s0lv0hmfb71.jpg
Cursed_PortiaDoubleday,hd47qjeo6kenf613t,Fri Jul 16 11:47:34 2021 UTC,21,2,www.reddit.comhttps://i.imgur.com/fXNd3CN.jpg
Cursed_dance,Separate-Cattle-4979,Fri Jul 16 18:16:43 2021 UTC,6,1,www.reddit.comhttps://i.redd.it/5ka65h6c9mb71.jpg
Cursed_uncle,Jealous_Nobody4407,Fri Jul 16 07:56:40 2021 UTC,42,4,www.reddit.com/r/cursedcomments/comments/olcajm/cursed_uncle/
cursed_gravy,N0T-A-Lamp,Fri Jul 16 10:23:09 2021 UTC,26,1,www.reddit.com/r/cursedcomments/comments/ole3v6/cursed_gravy/
Cursed Chewie,ImTotallynotTomska,Fri Jul 16 01:42:34 2021 UTC,122,4,www.reddit.com/r/cursedcomments/comments/ol6uwh/cursed_chewie/
Cursed_tier list,GrammarLLC,Fri Jul 16 07:15:18 2021 UTC,43,4,www.reddit.com/r/cursedcomments/comments/olbs5x/cursed_tier_list/
Cursed_pat-thicc,OrdinaryBallowski2,Fri Jul 16 06:15:42 2021 UTC,53,4,www.reddit.com/r/cursedcomments/comments/olb0rs/cursed_patthicc/
Cursed squad wipe,Scorchden,Fri Jul 16 11:39:28 2021 UTC,21,3,www.reddit.com/r/cursedcomments/comments/olf5e4/cursed_squad_wipe/
Cursed_Dream,Tweissm,Fri Jul 16 05:45:51 2021 UTC,56,10,www.reddit.com/r/cursedcomments/comments/olame2/cursed_dream/
Cursed_Bruh,BeneficialResolve984,Fri Jul 16 07:06:41 2021 UTC,40,1,www.reddit.com/r/cursedcomments/comments/olbo53/cursed_bruh/
Cursed_crunch,FrumptiousMango,Fri Jul 16 10:58:08 2021 UTC,22,2,www.reddit.com/r/cursedcomments/comments/olejy1/cursed_crunch/
Cursed food,90PercentYT,Fri Jul 16 02:42:09 2021 UTC,93,10,www.reddit.com/r/cursedcomments/comments/ol7u4g/cursed_food/
Cursed chocolate,uderdog121,Fri Jul 16 12:50:19 2021 UTC,15,3,www.reddit.com/r/cursedcomments/comments/olg8g9/cursed_chocolate/
Cursed pac,Weezychriss,Thu Jul 15 21:20:58 2021 UTC,244,10,www.reddit.com/r/cursedcomments/comments/ol2951/cursed_pac/
Cursed_ASMR,XTM_FlameD,Fri Jul 16 03:59:58 2021 UTC,70,3,www.reddit.com/r/cursedcomments/comments/ol92g4/cursed_asmr/
Cursed_suicide,Starvexx,Fri Jul 16 07:23:01 2021 UTC,32,2,www.reddit.com/r/cursedcomments/comments/olbvpx/cursed_suicide/
Cursed comment on YouTube,catninjaniko,Fri Jul 16 13:46:57 2021 UTC,10,2,www.reddit.com/r/cursedcomments/comments/olh6cm/cursed_comment_on_youtube/
cursed_plastic,ericprogramming,Fri Jul 16 03:26:11 2021 UTC,68,3,www.reddit.com/r/cursedcomments/comments/ol8k21/cursed_plastic/
Cursed passion,Believen_me_0513,Fri Jul 16 05:49:46 2021 UTC,43,2,www.reddit.com/r/cursedcomments/comments/olaod5/cursed_passion/
Cursed glassware,Smruthiisameme,Fri Jul 16 07:05:03 2021 UTC,35,3,www.reddit.com/r/cursedcomments/comments/olbne4/cursed_glassware/
Cursed find my dad,EhaMe3,Fri Jul 16 10:30:50 2021 UTC,16,1,www.reddit.com/r/cursedcomments/comments/ole7em/cursed_find_my_dad/
CURSED_RACIST,NudeMaster911,Thu Jul 15 17:09:33 2021 UTC,421,8,www.reddit.com/r/cursedcomments/comments/okx7dn/cursed_racist/
Cursed_Rights,nick-gear,Fri Jul 16 07:55:32 2021 UTC,30,3,www.reddit.com/r/cursedcomments/comments/olca2w/cursed_rights/
Cursed darryl,vodkino_russia,Fri Jul 16 09:10:37 2021 UTC,20,4,www.reddit.com/r/cursedcomments/comments/old76e/cursed_darryl/
Cursed_Shot,stinescavenger,Fri Jul 16 10:22:49 2021 UTC,18,6,www.reddit.com/r/cursedcomments/comments/ole3pz/cursed_shot/
Cursed rollercoaster.,jzonum24,Fri Jul 16 03:21:36 2021 UTC,55,1,www.reddit.com/r/cursedcomments/comments/ol8hkt/cursed_rollercoaster/
cursed_porn,rrbr25,Thu Jul 15 23:24:06 2021 UTC,118,4,www.reddit.com/r/cursedcomments/comments/ol4ik5/cursed_porn/
Cursed compliment,uglydeliciousness,Fri Jul 16 02:08:07 2021 UTC,64,2,www.reddit.com/r/cursedcomments/comments/ol79v1/cursed_compliment/
Cursed_lustfulness,PresJFK1,Fri Jul 16 04:24:55 2021 UTC,47,3,www.reddit.com/r/cursedcomments/comments/ol9gna/cursed_lustfulness/
Cursed_fire,DavidIsShort_69,Fri Jul 16 11:01:22 2021 UTC,12,1,www.reddit.com/r/cursedcomments/comments/olelte/cursed_fire/
cursed sumo,VqixIsBad,Fri Jul 16 02:09:49 2021 UTC,71,1,www.reddit.com/r/cursedcomments/comments/ol7auq/cursed_sumo/
cursed_classroom,750SAMZ,Fri Jul 16 01:41:02 2021 UTC,72,1,www.reddit.com/r/cursedcomments/comments/ol6u22/cursed_classroom/
Cursed carrot,thekillermad,Fri Jul 16 07:03:31 2021 UTC,28,2,www.reddit.com/r/cursedcomments/comments/olbmps/cursed_carrot/
Cursed Cucumber,ultimatevroomvroom,Fri Jul 16 03:36:23 2021 UTC,47,6,www.reddit.com/r/cursedcomments/comments/ol8pqr/cursed_cucumber/
Cursed_Ice Cream Cone,Emiliyeet,Fri Jul 16 01:36:01 2021 UTC,78,15,www.reddit.com/r/cursedcomments/comments/ol6r27/cursed_ice_cream_cone/
Cursed_ashes,NegativeOneBraincell,Fri Jul 16 00:49:20 2021 UTC,77,3,www.reddit.com/r/cursedcomments/comments/ol5yzl/cursed_ashes/
cursed_yeet,Samasu_hrml,Fri Jul 16 02:14:37 2021 UTC,60,2,www.reddit.com/r/cursedcomments/comments/ol7dsp/cursed_yeet/
cursed_attic,RK2310_reddit,Thu Jul 15 23:27:24 2021 UTC,95,4,www.reddit.com/r/cursedcomments/comments/ol4kko/cursed_attic/
CURSED_BSAUCE,Australiaball2,Fri Jul 16 04:50:06 2021 UTC,33,2,www.reddit.com/r/cursedcomments/comments/ol9ual/cursed_bsauce/
Cursed_Chloroform,random_Ducc,Fri Jul 16 02:52:18 2021 UTC,45,4,www.reddit.com/r/cursedcomments/comments/ol801i/cursed_chloroform/
Cursed_Meeting,Giormazon,Thu Jul 15 11:58:36 2021 UTC,710,8,www.reddit.com/r/cursedcomments/comments/okrcoi/cursed_meeting/
cursed resistance,cartoon_Dinosaur,Fri Jul 16 03:52:48 2021 UTC,40,4,www.reddit.com/r/cursedcomments/comments/ol8yp1/cursed_resistance/
Cursed cock_roaches,Best_Refrigerator801,Fri Jul 16 04:27:14 2021 UTC,31,5,www.reddit.com/r/cursedcomments/comments/ol9hx8/cursed_cock_roaches/
cursed_nuke,PunchyCat2004,Fri Jul 16 06:28:42 2021 UTC,24,1,www.reddit.com/r/cursedcomments/comments/olb6s2/cursed_nuke/
Cursed_Cum,Dry-Prune726,Thu Jul 15 05:23:49 2021 UTC,2803,24,www.reddit.com/r/cursedcomments/comments/okm695/cursed_cum/
Cursed_fap,FunCode688,Fri Jul 16 07:12:42 2021 UTC,20,4,www.reddit.com/r/cursedcomments/comments/olbqwn/cursed_fap/
Cursed_Garden,markregg,Fri Jul 16 03:12:54 2021 UTC,45,1,www.reddit.comhttps://i.imgur.com/xZwTUMu.jpg
Cursed_NoContext,Own-Chip-4005,Fri Jul 16 02:20:02 2021 UTC,44,10,www.reddit.com/r/cursedcomments/comments/ol7h15/cursed_nocontext/
Cursed_Need,Harshit_Vaidya,Fri Jul 16 06:13:28 2021 UTC,20,1,www.reddit.com/r/cursedcomments/comments/olazqf/cursed_need/
Cursed_Rule34,RazorLeafie,Thu Jul 15 14:25:59 2021 UTC,373,14,www.reddit.com/r/cursedcomments/comments/oktx3z/cursed_rule34/
"Cursed_""love""",elimoran,Thu Jul 15 21:16:57 2021 UTC,105,5,www.reddit.com/r/cursedcomments/comments/ol26av/cursed_love/
Cursed_clicker,dogfucker6,Fri Jul 16 04:12:06 2021 UTC,32,2,www.reddit.com/r/cursedcomments/comments/ol99iq/cursed_clicker/
cursed_cat,ItsMrbig8,Fri Jul 16 01:59:42 2021 UTC,42,1,www.reddit.com/r/cursedcomments/comments/ol74sq/cursed_cat/
Cursed_gun,paintonwhiteboard,Fri Jul 16 07:35:01 2021 UTC,16,1,www.reddit.com/r/cursedcomments/comments/olc15n/cursed_gun/
Cursed_onlyfans,mjavedansari,Thu Jul 15 20:54:57 2021 UTC,106,3,www.reddit.com/r/cursedcomments/comments/ol1qp3/cursed_onlyfans/
Cursed meth,Mr_Memer_Man42,Fri Jul 16 02:27:38 2021 UTC,36,6,www.reddit.com/r/cursedcomments/comments/ol7lhs/cursed_meth/
Cursed countries,HAK1US,Sun Jul 11 15:46:35 2021 UTC,48.1k,311,www.reddit.com/r/cursedcomments/comments/oi6u9k/cursed_countries/
Cursed_food,JosephOnReddit123097,Sun Jul 11 07:25:05 2021 UTC,25.5k,197,www.reddit.com/r/cursedcomments/comments/oi00f2/cursed_food/
Cursed porn,holycrap-,Sat Jul 10 10:20:08 2021 UTC,53.2k,547,www.reddit.com/r/cursedcomments/comments/ohg69p/cursed_porn/
Cursed hole,bharat___sinha,Mon Jul 5 14:23:35 2021 UTC,45.2k,289,www.reddit.com/r/cursedcomments/comments/oe8etg/cursed_hole/
Cursed Work Avoidance,Ming_The_Merciless_1,Sat Jul 3 11:06:24 2021 UTC,61.7k,262,www.reddit.com/r/cursedcomments/comments/ocvzwm/cursed_work_avoidance/
Cursed_neighbor,Zelda_person,Sun Jun 27 22:45:55 2021 UTC,57.5k,248,www.reddit.com/r/cursedcomments/comments/o97gq4/cursed_neighbor/
Cursed_piss drawer,Willy-Edwards,Sun Jun 27 10:55:09 2021 UTC,84.8k,1233,www.reddit.com/r/cursedcomments/comments/o8uvjg/cursed_piss_drawer/
Cursed_Youtube,SPACEB00,Tue Jun 22 17:12:03 2021 UTC,47.2k,296,www.reddit.com/r/cursedcomments/comments/o5s39q/cursed_youtube/
Cursed egg sandwich,BigBodyDuff,Mon Jun 21 01:11:18 2021 UTC,45.5k,429,www.reddit.com/r/cursedcomments/comments/o4jn2p/cursed_egg_sandwich/
Cursed_suicide,MeemMeyn3798,Mon May 17 08:29:36 2021 UTC,119k,4425,www.reddit.com/r/cursedcomments/comments/nean1w/cursed_suicide/
Cursed_idea,oblivionnnnnnnnnnn,Mon Feb 22 20:19:07 2021 UTC,126k,2390,www.reddit.com/r/cursedcomments/comments/lpypc4/cursed_idea/
